-- MySQL dump 10.14  Distrib 5.5.52-MariaDB, for Linux (x86_64)
--
-- Host: localhost    Database: hr
-- ------------------------------------------------------
-- Server version	5.5.52-MariaDB

/*!40101 SET @OLD_CHARACTER_SET_CLIENT=@@CHARACTER_SET_CLIENT */;
/*!40101 SET @OLD_CHARACTER_SET_RESULTS=@@CHARACTER_SET_RESULTS */;
/*!40101 SET @OLD_COLLATION_CONNECTION=@@COLLATION_CONNECTION */;
/*!40101 SET NAMES utf8 */;
/*!40103 SET @OLD_TIME_ZONE=@@TIME_ZONE */;
/*!40103 SET TIME_ZONE='+00:00' */;
/*!40014 SET @OLD_UNIQUE_CHECKS=@@UNIQUE_CHECKS, UNIQUE_CHECKS=0 */;
/*!40014 SET @OLD_FOREIGN_KEY_CHECKS=@@FOREIGN_KEY_CHECKS, FOREIGN_KEY_CHECKS=0 */;
/*!40101 SET @OLD_SQL_MODE=@@SQL_MODE, SQL_MODE='NO_AUTO_VALUE_ON_ZERO' */;
/*!40111 SET @OLD_SQL_NOTES=@@SQL_NOTES, SQL_NOTES=0 */;

--
-- Table structure for table `assignment_department`
--

DROP TABLE IF EXISTS `assignment_department`;
/*!40101 SET @saved_cs_client     = @@character_set_client */;
/*!40101 SET character_set_client = utf8 */;
CREATE TABLE `assignment_department` (
  `id` int(11) NOT NULL AUTO_INCREMENT,
  `emp_id` int(11) NOT NULL,
  `dept_id` int(11) NOT NULL,
  `date` date NOT NULL,
  PRIMARY KEY (`id`),
  KEY `emp_id` (`emp_id`),
  KEY `dept_id` (`dept_id`),
  KEY `date` (`date`),
  KEY `emp_date` (`emp_id`,`date`),
  CONSTRAINT `assignment_department_ibfk_1` FOREIGN KEY (`emp_id`) REFERENCES `employees` (`id`) ON UPDATE CASCADE,
  CONSTRAINT `assignment_department_ibfk_2` FOREIGN KEY (`dept_id`) REFERENCES `departments` (`id`) ON UPDATE CASCADE
) ENGINE=InnoDB AUTO_INCREMENT=22 DEFAULT CHARSET=utf8mb4 COLLATE=utf8mb4_unicode_ci;
/*!40101 SET character_set_client = @saved_cs_client */;

--
-- Dumping data for table `assignment_department`
--

LOCK TABLES `assignment_department` WRITE;
/*!40000 ALTER TABLE `assignment_department` DISABLE KEYS */;
INSERT INTO `assignment_department` VALUES (1,1001,1,'2017-01-01'),(2,1002,1,'2017-01-01'),(3,1003,1,'2017-01-01'),(4,1004,1,'2017-01-01'),(5,1005,1,'2017-01-01'),(6,1006,1,'2017-01-01'),(7,1007,1,'2017-01-01'),(8,1008,1,'2017-01-01'),(9,1009,1,'2017-01-01'),(10,1010,1,'2017-01-01'),(16,1006,2,'2017-02-01'),(17,1007,2,'2017-02-01'),(18,1008,2,'2017-02-01'),(19,1009,2,'2017-02-01'),(20,1010,2,'2017-02-01'),(21,1001,2,'2017-03-16');
/*!40000 ALTER TABLE `assignment_department` ENABLE KEYS */;
UNLOCK TABLES;

--
-- Table structure for table `attendance_records`
--

DROP TABLE IF EXISTS `attendance_records`;
/*!40101 SET @saved_cs_client     = @@character_set_client */;
/*!40101 SET character_set_client = utf8 */;
CREATE TABLE `attendance_records` (
  `id` int(11) NOT NULL AUTO_INCREMENT,
  `emp_id` int(11) NOT NULL,
  `timestamp` timestamp NOT NULL DEFAULT CURRENT_TIMESTAMP ON UPDATE CURRENT_TIMESTAMP,
  PRIMARY KEY (`id`),
  KEY `timestamp` (`timestamp`),
  KEY `emp_id` (`emp_id`),
  KEY `emp_date` (`emp_id`,`timestamp`),
  CONSTRAINT `attendance_records_ibfk_1` FOREIGN KEY (`emp_id`) REFERENCES `employees` (`id`) ON UPDATE CASCADE
) ENGINE=InnoDB AUTO_INCREMENT=1821 DEFAULT CHARSET=utf8mb4 COLLATE=utf8mb4_unicode_ci;
/*!40101 SET character_set_client = @saved_cs_client */;

--
-- Dumping data for table `attendance_records`
--

LOCK TABLES `attendance_records` WRITE;
/*!40000 ALTER TABLE `attendance_records` DISABLE KEYS */;
INSERT INTO `attendance_records` VALUES (958,1001,'2017-02-01 03:46:00'),(959,1001,'2017-02-01 08:57:00'),(960,1001,'2017-02-01 09:49:00'),(961,1001,'2017-02-01 14:12:00'),(962,1001,'2017-02-02 04:07:00'),(963,1001,'2017-02-02 09:02:00'),(964,1001,'2017-02-02 09:41:00'),(965,1001,'2017-02-02 13:44:00'),(966,1001,'2017-02-05 04:04:00'),(967,1001,'2017-02-05 08:56:00'),(968,1001,'2017-02-05 10:08:00'),(969,1001,'2017-02-05 13:59:00'),(970,1001,'2017-02-06 03:44:00'),(971,1001,'2017-02-06 09:05:00'),(972,1001,'2017-02-06 09:55:00'),(973,1001,'2017-02-06 14:18:00'),(974,1001,'2017-02-07 04:20:00'),(975,1001,'2017-02-07 08:47:00'),(976,1001,'2017-02-07 09:46:00'),(977,1001,'2017-02-07 13:47:00'),(978,1001,'2017-02-08 04:02:00'),(979,1001,'2017-02-08 09:11:00'),(980,1001,'2017-02-08 09:40:00'),(981,1001,'2017-02-08 13:52:00'),(982,1001,'2017-02-09 04:09:00'),(983,1001,'2017-02-09 09:15:00'),(984,1001,'2017-02-09 10:18:00'),(985,1001,'2017-02-09 14:08:00'),(986,1001,'2017-02-12 04:19:00'),(987,1001,'2017-02-12 08:41:00'),(988,1001,'2017-02-12 10:02:00'),(989,1001,'2017-02-12 13:55:00'),(990,1001,'2017-02-13 03:56:00'),(991,1001,'2017-02-13 08:50:00'),(992,1001,'2017-02-13 10:18:00'),(993,1001,'2017-02-13 14:02:00'),(994,1001,'2017-02-14 03:42:00'),(995,1001,'2017-02-14 08:44:00'),(996,1001,'2017-02-14 10:18:00'),(997,1001,'2017-02-14 14:01:00'),(998,1001,'2017-02-15 04:01:00'),(999,1001,'2017-02-15 09:48:00'),(1000,1001,'2017-02-15 13:54:00'),(1001,1001,'2017-02-16 03:43:00'),(1002,1001,'2017-02-16 09:14:00'),(1003,1001,'2017-02-16 09:51:00'),(1004,1001,'2017-02-16 14:11:00'),(1005,1001,'2017-02-19 03:57:00'),(1006,1001,'2017-02-19 09:06:00'),(1007,1001,'2017-02-19 09:58:00'),(1008,1001,'2017-02-19 14:18:00'),(1009,1001,'2017-02-20 03:41:00'),(1010,1001,'2017-02-20 09:13:00'),(1011,1001,'2017-02-20 10:02:00'),(1012,1001,'2017-02-20 14:09:00'),(1013,1001,'2017-02-21 04:09:00'),(1014,1001,'2017-02-21 08:59:00'),(1015,1001,'2017-02-21 10:10:00'),(1016,1001,'2017-02-21 13:46:00'),(1017,1001,'2017-02-22 03:58:00'),(1018,1001,'2017-02-22 09:00:00'),(1019,1001,'2017-02-22 10:08:00'),(1020,1001,'2017-02-22 14:16:00'),(1021,1001,'2017-02-23 03:51:00'),(1022,1001,'2017-02-23 08:55:00'),(1023,1001,'2017-02-23 09:52:00'),(1024,1001,'2017-02-23 13:52:00'),(1025,1001,'2017-02-26 03:40:00'),(1026,1001,'2017-02-26 09:05:00'),(1027,1001,'2017-02-26 10:20:00'),(1028,1001,'2017-02-26 14:03:00'),(1029,1001,'2017-02-27 09:17:00'),(1030,1001,'2017-02-27 10:19:00'),(1031,1001,'2017-02-27 14:17:00'),(1032,1001,'2017-02-28 03:52:00'),(1033,1001,'2017-02-28 08:40:00'),(1034,1001,'2017-02-28 09:58:00'),(1035,1001,'2017-02-28 13:48:00'),(1036,1001,'2017-03-01 03:51:00'),(1,1001,'2017-03-01 03:58:00'),(1037,1001,'2017-03-01 08:54:00'),(2,1001,'2017-03-01 09:16:00'),(3,1001,'2017-03-01 09:53:00'),(1038,1001,'2017-03-01 10:06:00'),(1039,1001,'2017-03-01 13:57:00'),(4,1001,'2017-03-01 14:05:00'),(1040,1001,'2017-03-02 03:48:00'),(5,1001,'2017-03-02 04:02:00'),(6,1001,'2017-03-02 08:53:00'),(1041,1001,'2017-03-02 09:10:00'),(7,1001,'2017-03-02 09:55:00'),(1042,1001,'2017-03-02 10:14:00'),(1043,1001,'2017-03-02 14:13:00'),(8,1001,'2017-03-02 14:14:00'),(9,1001,'2017-03-03 04:02:00'),(10,1001,'2017-03-03 08:42:00'),(11,1001,'2017-03-03 09:59:00'),(12,1001,'2017-03-03 14:13:00'),(13,1001,'2017-03-05 03:53:00'),(14,1001,'2017-03-05 09:17:00'),(15,1001,'2017-03-05 09:50:00'),(16,1001,'2017-03-05 13:51:00'),(17,1001,'2017-03-06 04:09:00'),(18,1001,'2017-03-06 09:18:00'),(19,1001,'2017-03-06 09:53:00'),(20,1001,'2017-03-06 14:02:00'),(21,1001,'2017-03-07 03:50:00'),(22,1001,'2017-03-07 09:19:00'),(23,1001,'2017-03-07 09:54:00'),(24,1001,'2017-03-07 13:52:00'),(25,1001,'2017-03-08 03:59:00'),(26,1001,'2017-03-08 08:53:00'),(27,1001,'2017-03-08 09:51:00'),(28,1001,'2017-03-08 13:59:00'),(29,1001,'2017-03-09 04:13:00'),(30,1001,'2017-03-09 09:01:00'),(31,1001,'2017-03-09 10:07:00'),(32,1001,'2017-03-09 14:06:00'),(33,1001,'2017-03-12 04:05:00'),(34,1001,'2017-03-12 08:48:00'),(35,1001,'2017-03-12 10:16:00'),(36,1001,'2017-03-12 14:11:00'),(37,1001,'2017-03-13 03:55:00'),(38,1001,'2017-03-13 09:20:00'),(39,1001,'2017-03-13 09:52:00'),(40,1001,'2017-03-13 13:48:00'),(41,1001,'2017-03-14 03:49:00'),(42,1001,'2017-03-14 08:54:00'),(43,1001,'2017-03-14 10:14:00'),(44,1001,'2017-03-14 13:48:00'),(45,1001,'2017-03-15 03:45:00'),(46,1001,'2017-03-15 09:03:00'),(47,1001,'2017-03-15 10:08:00'),(48,1001,'2017-03-15 14:09:00'),(49,1001,'2017-03-16 03:44:00'),(50,1001,'2017-03-16 08:48:00'),(51,1001,'2017-03-16 09:55:00'),(52,1001,'2017-03-16 13:47:00'),(53,1001,'2017-03-17 04:06:00'),(54,1001,'2017-03-17 09:13:00'),(55,1001,'2017-03-17 09:59:00'),(56,1001,'2017-03-17 13:56:00'),(57,1001,'2017-03-18 03:43:00'),(58,1001,'2017-03-18 08:45:00'),(59,1001,'2017-03-18 10:07:00'),(60,1001,'2017-03-18 14:02:00'),(61,1001,'2017-03-19 04:13:00'),(62,1001,'2017-03-19 09:01:00'),(63,1001,'2017-03-19 09:48:00'),(64,1001,'2017-03-19 13:46:00'),(65,1001,'2017-03-20 04:14:00'),(66,1001,'2017-03-20 08:53:00'),(67,1001,'2017-03-20 09:59:00'),(68,1001,'2017-03-20 14:02:00'),(69,1001,'2017-03-21 03:58:00'),(70,1001,'2017-03-21 09:19:00'),(71,1001,'2017-03-21 10:05:00'),(72,1001,'2017-03-21 14:02:00'),(73,1001,'2017-03-22 04:19:00'),(74,1001,'2017-03-22 08:55:00'),(75,1001,'2017-03-22 10:08:00'),(76,1001,'2017-03-22 13:47:00'),(951,1001,'2017-03-29 04:07:00'),(952,1001,'2017-03-29 08:41:00'),(953,1001,'2017-03-29 09:43:00'),(954,1001,'2017-03-29 14:18:00'),(97,1001,'2017-03-30 03:53:00'),(98,1001,'2017-03-30 08:48:00'),(99,1001,'2017-03-30 09:52:00'),(100,1001,'2017-03-30 14:20:00'),(1044,1002,'2017-02-01 04:12:00'),(1045,1002,'2017-02-01 08:54:00'),(1046,1002,'2017-02-01 10:20:00'),(1047,1002,'2017-02-01 14:15:00'),(1048,1002,'2017-02-02 04:19:00'),(1049,1002,'2017-02-02 08:57:00'),(1050,1002,'2017-02-02 10:10:00'),(1051,1002,'2017-02-02 14:14:00'),(1052,1002,'2017-02-04 04:05:00'),(1053,1002,'2017-02-04 08:44:00'),(1054,1002,'2017-02-04 09:50:00'),(1055,1002,'2017-02-04 14:20:00'),(1056,1002,'2017-02-05 03:57:00'),(1057,1002,'2017-02-05 08:51:00'),(1058,1002,'2017-02-05 09:49:00'),(1059,1002,'2017-02-05 13:43:00'),(1060,1002,'2017-02-06 03:54:00'),(1061,1002,'2017-02-06 08:43:00'),(1062,1002,'2017-02-06 10:07:00'),(1063,1002,'2017-02-06 14:20:00'),(1064,1002,'2017-02-07 03:51:00'),(1065,1002,'2017-02-07 09:15:00'),(1066,1002,'2017-02-07 09:45:00'),(1067,1002,'2017-02-07 14:13:00'),(1068,1002,'2017-02-08 08:47:00'),(1069,1002,'2017-02-08 10:07:00'),(1070,1002,'2017-02-08 14:05:00'),(1071,1002,'2017-02-09 03:52:00'),(1072,1002,'2017-02-09 08:41:00'),(1073,1002,'2017-02-09 10:06:00'),(1074,1002,'2017-02-09 14:07:00'),(1075,1002,'2017-02-12 04:18:00'),(1076,1002,'2017-02-12 09:00:00'),(1077,1002,'2017-02-12 10:10:00'),(1078,1002,'2017-02-12 13:57:00'),(1079,1002,'2017-02-13 04:04:00'),(1080,1002,'2017-02-13 09:07:00'),(1081,1002,'2017-02-13 10:07:00'),(1082,1002,'2017-02-13 14:07:00'),(1083,1002,'2017-02-14 04:16:00'),(1084,1002,'2017-02-14 09:13:00'),(1085,1002,'2017-02-14 10:14:00'),(1086,1002,'2017-02-14 14:00:00'),(1087,1002,'2017-02-15 04:03:00'),(1088,1002,'2017-02-15 09:02:00'),(1089,1002,'2017-02-15 09:50:00'),(1090,1002,'2017-02-15 13:50:00'),(1091,1002,'2017-02-16 03:57:00'),(1092,1002,'2017-02-16 08:40:00'),(1093,1002,'2017-02-16 10:07:00'),(1094,1002,'2017-02-16 13:46:00'),(1095,1002,'2017-02-19 03:48:00'),(1096,1002,'2017-02-19 09:11:00'),(1097,1002,'2017-02-19 09:46:00'),(1098,1002,'2017-02-19 14:07:00'),(1099,1002,'2017-02-20 04:16:00'),(1100,1002,'2017-02-20 09:20:00'),(1101,1002,'2017-02-20 09:53:00'),(1102,1002,'2017-02-20 13:59:00'),(1103,1002,'2017-02-21 03:52:00'),(1104,1002,'2017-02-21 08:52:00'),(1105,1002,'2017-02-21 10:11:00'),(1106,1002,'2017-02-21 13:51:00'),(1107,1002,'2017-02-22 04:16:00'),(1108,1002,'2017-02-22 08:51:00'),(1109,1002,'2017-02-22 10:04:00'),(1110,1002,'2017-02-22 14:07:00'),(1111,1002,'2017-02-23 04:03:00'),(1112,1002,'2017-02-23 08:48:00'),(1113,1002,'2017-02-23 09:45:00'),(1114,1002,'2017-02-23 14:08:00'),(1115,1002,'2017-02-26 04:05:00'),(1116,1002,'2017-02-26 09:11:00'),(1117,1002,'2017-02-26 10:00:00'),(1118,1002,'2017-02-27 03:52:00'),(1119,1002,'2017-02-27 08:57:00'),(1120,1002,'2017-02-27 10:17:00'),(1121,1002,'2017-02-27 14:07:00'),(1122,1002,'2017-02-28 08:47:00'),(1123,1002,'2017-02-28 09:56:00'),(1124,1002,'2017-02-28 13:45:00'),(101,1002,'2017-03-01 03:58:00'),(102,1002,'2017-03-01 09:16:00'),(103,1002,'2017-03-01 09:53:00'),(104,1002,'2017-03-01 14:05:00'),(105,1002,'2017-03-02 04:02:00'),(106,1002,'2017-03-02 08:53:00'),(107,1002,'2017-03-02 09:55:00'),(108,1002,'2017-03-02 14:14:00'),(109,1002,'2017-03-03 04:02:00'),(110,1002,'2017-03-03 08:42:00'),(111,1002,'2017-03-03 09:59:00'),(112,1002,'2017-03-04 04:15:00'),(113,1002,'2017-03-04 10:11:00'),(114,1002,'2017-03-04 14:14:00'),(115,1002,'2017-03-05 03:53:00'),(116,1002,'2017-03-05 09:17:00'),(117,1002,'2017-03-05 09:50:00'),(118,1002,'2017-03-05 13:51:00'),(119,1002,'2017-03-06 04:09:00'),(120,1002,'2017-03-06 09:18:00'),(121,1002,'2017-03-06 09:53:00'),(122,1002,'2017-03-06 14:02:00'),(123,1002,'2017-03-07 03:50:00'),(124,1002,'2017-03-07 09:19:00'),(125,1002,'2017-03-07 09:54:00'),(126,1002,'2017-03-07 13:52:00'),(127,1002,'2017-03-08 03:59:00'),(128,1002,'2017-03-08 08:53:00'),(129,1002,'2017-03-08 09:51:00'),(130,1002,'2017-03-08 13:59:00'),(131,1002,'2017-03-09 04:13:00'),(132,1002,'2017-03-09 09:01:00'),(133,1002,'2017-03-09 10:07:00'),(134,1002,'2017-03-09 14:06:00'),(135,1002,'2017-03-11 03:52:00'),(136,1002,'2017-03-11 08:42:00'),(137,1002,'2017-03-11 09:54:00'),(138,1002,'2017-03-12 04:05:00'),(139,1002,'2017-03-12 08:48:00'),(140,1002,'2017-03-12 10:16:00'),(141,1002,'2017-03-12 14:11:00'),(142,1002,'2017-03-13 03:55:00'),(143,1002,'2017-03-13 09:20:00'),(144,1002,'2017-03-13 09:52:00'),(145,1002,'2017-03-13 13:48:00'),(146,1002,'2017-03-14 03:49:00'),(147,1002,'2017-03-14 08:54:00'),(148,1002,'2017-03-14 10:14:00'),(149,1002,'2017-03-14 13:48:00'),(150,1002,'2017-03-15 03:45:00'),(151,1002,'2017-03-15 09:03:00'),(152,1002,'2017-03-15 10:08:00'),(153,1002,'2017-03-16 03:44:00'),(154,1002,'2017-03-16 08:48:00'),(155,1002,'2017-03-16 09:55:00'),(156,1002,'2017-03-16 13:47:00'),(157,1002,'2017-03-19 04:13:00'),(158,1002,'2017-03-19 09:01:00'),(159,1002,'2017-03-19 09:48:00'),(160,1002,'2017-03-19 13:46:00'),(161,1002,'2017-03-20 04:14:00'),(162,1002,'2017-03-20 08:53:00'),(163,1002,'2017-03-20 09:59:00'),(164,1002,'2017-03-20 14:02:00'),(165,1002,'2017-03-21 03:58:00'),(166,1002,'2017-03-21 09:19:00'),(167,1002,'2017-03-21 10:05:00'),(168,1002,'2017-03-21 14:02:00'),(169,1002,'2017-03-22 04:19:00'),(170,1002,'2017-03-22 08:55:00'),(171,1002,'2017-03-22 10:08:00'),(172,1002,'2017-03-22 13:47:00'),(173,1002,'2017-03-23 09:20:00'),(174,1002,'2017-03-23 09:52:00'),(175,1002,'2017-03-23 13:55:00'),(176,1002,'2017-03-26 03:46:00'),(177,1002,'2017-03-26 09:05:00'),(178,1002,'2017-03-26 10:00:00'),(179,1002,'2017-03-26 14:11:00'),(180,1002,'2017-03-27 03:50:00'),(181,1002,'2017-03-27 09:53:00'),(182,1002,'2017-03-27 13:46:00'),(183,1002,'2017-03-28 03:55:00'),(184,1002,'2017-03-28 08:59:00'),(185,1002,'2017-03-28 09:59:00'),(186,1002,'2017-03-28 14:08:00'),(187,1002,'2017-03-29 04:19:00'),(188,1002,'2017-03-29 08:54:00'),(189,1002,'2017-03-29 10:08:00'),(190,1002,'2017-03-29 13:45:00'),(191,1002,'2017-03-30 03:53:00'),(192,1002,'2017-03-30 08:48:00'),(193,1002,'2017-03-30 09:52:00'),(194,1002,'2017-03-30 14:20:00'),(195,1002,'2017-03-31 03:58:00'),(196,1002,'2017-03-31 09:12:00'),(197,1002,'2017-03-31 10:18:00'),(198,1002,'2017-03-31 14:17:00'),(1125,1003,'2017-02-01 03:46:00'),(1126,1003,'2017-02-01 09:00:00'),(1127,1003,'2017-02-01 10:06:00'),(1128,1003,'2017-02-01 14:08:00'),(1129,1003,'2017-02-02 03:57:00'),(1130,1003,'2017-02-02 09:16:00'),(1131,1003,'2017-02-02 09:45:00'),(1132,1003,'2017-02-02 13:43:00'),(1133,1003,'2017-02-04 04:18:00'),(1134,1003,'2017-02-04 09:18:00'),(1135,1003,'2017-02-04 09:58:00'),(1136,1003,'2017-02-04 14:14:00'),(1137,1003,'2017-02-05 04:04:00'),(1138,1003,'2017-02-05 08:58:00'),(1139,1003,'2017-02-05 10:15:00'),(1140,1003,'2017-02-05 13:53:00'),(1141,1003,'2017-02-06 03:57:00'),(1142,1003,'2017-02-06 08:49:00'),(1143,1003,'2017-02-06 13:58:00'),(1144,1003,'2017-02-07 04:15:00'),(1145,1003,'2017-02-07 08:41:00'),(1146,1003,'2017-02-07 10:10:00'),(1147,1003,'2017-02-07 14:05:00'),(1148,1003,'2017-02-08 03:53:00'),(1149,1003,'2017-02-08 08:43:00'),(1150,1003,'2017-02-08 10:18:00'),(1151,1003,'2017-02-08 14:08:00'),(1152,1003,'2017-02-09 03:50:00'),(1153,1003,'2017-02-09 08:51:00'),(1154,1003,'2017-02-09 09:52:00'),(1155,1003,'2017-02-09 13:53:00'),(1156,1003,'2017-02-12 03:40:00'),(1157,1003,'2017-02-12 09:04:00'),(1158,1003,'2017-02-12 14:03:00'),(1159,1003,'2017-02-13 04:08:00'),(1160,1003,'2017-02-13 08:53:00'),(1161,1003,'2017-02-13 09:43:00'),(1162,1003,'2017-02-13 13:46:00'),(1163,1003,'2017-02-14 04:05:00'),(1164,1003,'2017-02-14 08:50:00'),(1165,1003,'2017-02-14 09:49:00'),(1166,1003,'2017-02-14 13:44:00'),(1167,1003,'2017-02-15 03:59:00'),(1168,1003,'2017-02-15 08:56:00'),(1169,1003,'2017-02-15 14:06:00'),(1170,1003,'2017-02-16 03:41:00'),(1171,1003,'2017-02-16 08:58:00'),(1172,1003,'2017-02-16 10:13:00'),(1173,1003,'2017-02-17 04:09:00'),(1174,1003,'2017-02-17 08:40:00'),(1175,1003,'2017-02-17 10:09:00'),(1176,1003,'2017-02-17 14:03:00'),(1177,1003,'2017-02-19 04:02:00'),(1178,1003,'2017-02-19 08:56:00'),(1179,1003,'2017-02-19 09:40:00'),(1180,1003,'2017-02-19 13:55:00'),(1181,1003,'2017-02-20 03:40:00'),(1182,1003,'2017-02-20 09:20:00'),(1183,1003,'2017-02-20 10:10:00'),(1184,1003,'2017-02-20 14:15:00'),(1185,1003,'2017-02-21 04:16:00'),(1186,1003,'2017-02-21 09:14:00'),(1187,1003,'2017-02-21 09:59:00'),(1188,1003,'2017-02-21 13:55:00'),(1189,1003,'2017-02-22 04:13:00'),(1190,1003,'2017-02-22 09:08:00'),(1191,1003,'2017-02-22 09:50:00'),(1192,1003,'2017-02-22 13:52:00'),(1193,1003,'2017-02-23 03:53:00'),(1194,1003,'2017-02-23 09:05:00'),(1195,1003,'2017-02-23 09:52:00'),(1196,1003,'2017-02-23 13:41:00'),(1197,1003,'2017-02-26 03:49:00'),(1198,1003,'2017-02-26 09:47:00'),(1199,1003,'2017-02-26 14:15:00'),(1200,1003,'2017-02-27 04:17:00'),(1201,1003,'2017-02-27 09:09:00'),(1202,1003,'2017-02-27 10:20:00'),(1203,1003,'2017-02-27 13:56:00'),(1204,1003,'2017-02-28 03:57:00'),(1205,1003,'2017-02-28 09:07:00'),(1206,1003,'2017-02-28 09:50:00'),(1207,1003,'2017-02-28 14:01:00'),(199,1003,'2017-03-01 04:12:00'),(200,1003,'2017-03-01 09:13:00'),(201,1003,'2017-03-01 09:58:00'),(202,1003,'2017-03-01 14:07:00'),(203,1003,'2017-03-02 03:40:00'),(204,1003,'2017-03-02 09:11:00'),(205,1003,'2017-03-02 10:13:00'),(206,1003,'2017-03-02 13:42:00'),(207,1003,'2017-03-05 03:56:00'),(208,1003,'2017-03-05 08:59:00'),(209,1003,'2017-03-05 09:48:00'),(210,1003,'2017-03-05 13:55:00'),(211,1003,'2017-03-06 04:20:00'),(212,1003,'2017-03-06 08:56:00'),(213,1003,'2017-03-06 09:43:00'),(214,1003,'2017-03-06 14:10:00'),(215,1003,'2017-03-07 03:57:00'),(216,1003,'2017-03-07 08:58:00'),(217,1003,'2017-03-07 10:18:00'),(218,1003,'2017-03-07 13:50:00'),(219,1003,'2017-03-09 04:19:00'),(220,1003,'2017-03-09 08:54:00'),(221,1003,'2017-03-09 09:59:00'),(222,1003,'2017-03-09 14:06:00'),(223,1003,'2017-03-12 03:46:00'),(224,1003,'2017-03-12 09:08:00'),(225,1003,'2017-03-12 10:03:00'),(226,1003,'2017-03-12 14:01:00'),(227,1003,'2017-03-13 04:17:00'),(228,1003,'2017-03-13 08:51:00'),(229,1003,'2017-03-13 10:19:00'),(230,1003,'2017-03-13 13:49:00'),(231,1003,'2017-03-14 04:16:00'),(232,1003,'2017-03-14 09:07:00'),(233,1003,'2017-03-14 10:11:00'),(234,1003,'2017-03-14 14:04:00'),(235,1003,'2017-03-15 04:16:00'),(236,1003,'2017-03-15 09:01:00'),(237,1003,'2017-03-15 10:08:00'),(238,1003,'2017-03-15 14:09:00'),(239,1003,'2017-03-16 04:18:00'),(240,1003,'2017-03-16 09:20:00'),(241,1003,'2017-03-16 09:40:00'),(242,1003,'2017-03-16 14:02:00'),(243,1003,'2017-03-19 03:52:00'),(244,1003,'2017-03-19 09:10:00'),(245,1003,'2017-03-19 10:03:00'),(246,1003,'2017-03-19 13:54:00'),(247,1003,'2017-03-20 04:00:00'),(248,1003,'2017-03-20 09:19:00'),(249,1003,'2017-03-20 10:05:00'),(250,1003,'2017-03-20 13:46:00'),(251,1003,'2017-03-21 04:01:00'),(252,1003,'2017-03-21 09:20:00'),(253,1003,'2017-03-21 10:00:00'),(254,1003,'2017-03-21 14:13:00'),(255,1003,'2017-03-22 04:04:00'),(256,1003,'2017-03-22 08:52:00'),(257,1003,'2017-03-22 10:09:00'),(258,1003,'2017-03-22 13:51:00'),(259,1003,'2017-03-23 03:54:00'),(260,1003,'2017-03-23 08:54:00'),(261,1003,'2017-03-23 09:49:00'),(262,1003,'2017-03-23 14:13:00'),(263,1003,'2017-03-26 04:12:00'),(264,1003,'2017-03-26 09:14:00'),(265,1003,'2017-03-26 10:04:00'),(266,1003,'2017-03-26 14:04:00'),(267,1003,'2017-03-27 03:40:00'),(268,1003,'2017-03-27 09:04:00'),(269,1003,'2017-03-27 09:57:00'),(270,1003,'2017-03-27 13:56:00'),(271,1003,'2017-03-28 04:18:00'),(272,1003,'2017-03-28 09:12:00'),(273,1003,'2017-03-29 04:07:00'),(274,1003,'2017-03-29 08:41:00'),(275,1003,'2017-03-29 09:43:00'),(276,1003,'2017-03-29 14:18:00'),(277,1003,'2017-03-30 09:10:00'),(278,1003,'2017-03-30 09:42:00'),(279,1003,'2017-03-30 14:17:00'),(1208,1004,'2017-02-01 03:52:00'),(1209,1004,'2017-02-01 08:50:00'),(1210,1004,'2017-02-01 09:58:00'),(1211,1004,'2017-02-02 04:04:00'),(1212,1004,'2017-02-02 08:54:00'),(1213,1004,'2017-02-02 09:57:00'),(1214,1004,'2017-02-02 14:03:00'),(1215,1004,'2017-02-04 03:41:00'),(1216,1004,'2017-02-04 08:59:00'),(1217,1004,'2017-02-04 14:00:00'),(1218,1004,'2017-02-05 03:58:00'),(1219,1004,'2017-02-05 09:11:00'),(1220,1004,'2017-02-05 10:10:00'),(1221,1004,'2017-02-05 13:52:00'),(1222,1004,'2017-02-06 04:04:00'),(1223,1004,'2017-02-06 09:01:00'),(1224,1004,'2017-02-06 09:50:00'),(1225,1004,'2017-02-06 14:20:00'),(1226,1004,'2017-02-07 03:55:00'),(1227,1004,'2017-02-07 08:59:00'),(1228,1004,'2017-02-07 10:12:00'),(1229,1004,'2017-02-07 13:58:00'),(1230,1004,'2017-02-08 04:13:00'),(1231,1004,'2017-02-08 09:20:00'),(1232,1004,'2017-02-08 09:57:00'),(1233,1004,'2017-02-08 13:54:00'),(1234,1004,'2017-02-09 04:18:00'),(1235,1004,'2017-02-09 09:04:00'),(1236,1004,'2017-02-09 10:14:00'),(1237,1004,'2017-02-09 14:16:00'),(1238,1004,'2017-02-12 03:41:00'),(1239,1004,'2017-02-12 09:14:00'),(1240,1004,'2017-02-12 10:09:00'),(1241,1004,'2017-02-12 13:40:00'),(1242,1004,'2017-02-13 04:19:00'),(1243,1004,'2017-02-13 08:42:00'),(1244,1004,'2017-02-13 09:41:00'),(1245,1004,'2017-02-13 14:03:00'),(1246,1004,'2017-02-14 03:56:00'),(1247,1004,'2017-02-14 08:45:00'),(1248,1004,'2017-02-14 10:00:00'),(1249,1004,'2017-02-14 13:47:00'),(1250,1004,'2017-02-15 04:04:00'),(1251,1004,'2017-02-15 08:48:00'),(1252,1004,'2017-02-15 09:44:00'),(1253,1004,'2017-02-15 14:02:00'),(1254,1004,'2017-02-16 04:05:00'),(1255,1004,'2017-02-16 09:01:00'),(1256,1004,'2017-02-16 14:00:00'),(1257,1004,'2017-02-19 04:20:00'),(1258,1004,'2017-02-19 09:02:00'),(1259,1004,'2017-02-19 10:07:00'),(1260,1004,'2017-02-19 13:54:00'),(1261,1004,'2017-02-20 03:49:00'),(1262,1004,'2017-02-20 09:03:00'),(1263,1004,'2017-02-20 09:42:00'),(1264,1004,'2017-02-20 13:51:00'),(1265,1004,'2017-02-21 03:45:00'),(1266,1004,'2017-02-21 08:43:00'),(1267,1004,'2017-02-21 10:08:00'),(1268,1004,'2017-02-21 13:51:00'),(1269,1004,'2017-02-22 04:17:00'),(1270,1004,'2017-02-22 08:52:00'),(1271,1004,'2017-02-22 10:09:00'),(1272,1004,'2017-02-22 14:10:00'),(1273,1004,'2017-02-23 03:49:00'),(1274,1004,'2017-02-23 09:08:00'),(1275,1004,'2017-02-23 09:47:00'),(1276,1004,'2017-02-23 13:41:00'),(1277,1004,'2017-02-25 04:05:00'),(1278,1004,'2017-02-25 09:12:00'),(1279,1004,'2017-02-25 10:00:00'),(1280,1004,'2017-02-25 13:51:00'),(1281,1004,'2017-02-26 03:47:00'),(1282,1004,'2017-02-26 09:12:00'),(1283,1004,'2017-02-26 10:19:00'),(1284,1004,'2017-02-26 14:11:00'),(1285,1004,'2017-02-27 03:55:00'),(1286,1004,'2017-02-27 08:54:00'),(1287,1004,'2017-02-27 10:04:00'),(1288,1004,'2017-02-27 13:48:00'),(1289,1004,'2017-02-28 08:40:00'),(1290,1004,'2017-02-28 10:15:00'),(1291,1004,'2017-02-28 14:07:00'),(280,1004,'2017-03-01 04:12:00'),(281,1004,'2017-03-01 09:13:00'),(282,1004,'2017-03-01 09:58:00'),(283,1004,'2017-03-01 14:07:00'),(284,1004,'2017-03-02 03:40:00'),(285,1004,'2017-03-02 09:11:00'),(286,1004,'2017-03-02 10:13:00'),(287,1004,'2017-03-02 13:42:00'),(288,1004,'2017-03-05 03:56:00'),(289,1004,'2017-03-05 08:59:00'),(290,1004,'2017-03-05 09:48:00'),(291,1004,'2017-03-05 13:55:00'),(292,1004,'2017-03-06 04:20:00'),(293,1004,'2017-03-06 08:56:00'),(294,1004,'2017-03-06 09:43:00'),(295,1004,'2017-03-06 14:10:00'),(296,1004,'2017-03-07 03:57:00'),(297,1004,'2017-03-07 08:58:00'),(298,1004,'2017-03-07 10:18:00'),(299,1004,'2017-03-07 13:50:00'),(300,1004,'2017-03-08 04:18:00'),(301,1004,'2017-03-08 09:12:00'),(302,1004,'2017-03-08 10:20:00'),(303,1004,'2017-03-09 04:19:00'),(304,1004,'2017-03-09 08:54:00'),(305,1004,'2017-03-09 09:59:00'),(306,1004,'2017-03-09 14:06:00'),(307,1004,'2017-03-12 03:46:00'),(308,1004,'2017-03-12 09:08:00'),(309,1004,'2017-03-12 10:03:00'),(310,1004,'2017-03-12 14:01:00'),(311,1004,'2017-03-13 04:17:00'),(312,1004,'2017-03-13 08:51:00'),(313,1004,'2017-03-13 10:19:00'),(314,1004,'2017-03-13 13:49:00'),(315,1004,'2017-03-14 04:16:00'),(316,1004,'2017-03-14 09:07:00'),(317,1004,'2017-03-14 10:11:00'),(318,1004,'2017-03-14 14:04:00'),(319,1004,'2017-03-15 04:16:00'),(320,1004,'2017-03-15 09:01:00'),(321,1004,'2017-03-15 10:08:00'),(322,1004,'2017-03-15 14:09:00'),(323,1004,'2017-03-16 04:18:00'),(324,1004,'2017-03-16 09:20:00'),(325,1004,'2017-03-16 09:40:00'),(326,1004,'2017-03-16 14:02:00'),(327,1004,'2017-03-19 03:52:00'),(328,1004,'2017-03-19 09:10:00'),(329,1004,'2017-03-19 10:03:00'),(330,1004,'2017-03-19 13:54:00'),(331,1004,'2017-03-20 04:00:00'),(332,1004,'2017-03-20 09:19:00'),(333,1004,'2017-03-20 10:05:00'),(334,1004,'2017-03-20 13:46:00'),(335,1004,'2017-03-21 04:01:00'),(336,1004,'2017-03-21 09:20:00'),(337,1004,'2017-03-21 10:00:00'),(338,1004,'2017-03-21 14:13:00'),(339,1004,'2017-03-22 04:04:00'),(340,1004,'2017-03-22 08:52:00'),(341,1004,'2017-03-22 10:09:00'),(342,1004,'2017-03-22 13:51:00'),(343,1004,'2017-03-23 03:54:00'),(344,1004,'2017-03-23 08:54:00'),(345,1004,'2017-03-23 09:49:00'),(346,1004,'2017-03-23 14:13:00'),(347,1004,'2017-03-26 04:12:00'),(348,1004,'2017-03-26 09:14:00'),(349,1004,'2017-03-26 10:04:00'),(350,1004,'2017-03-26 14:04:00'),(351,1004,'2017-03-27 03:40:00'),(352,1004,'2017-03-27 09:04:00'),(353,1004,'2017-03-27 09:57:00'),(354,1004,'2017-03-27 13:56:00'),(355,1004,'2017-03-28 04:18:00'),(356,1004,'2017-03-28 09:12:00'),(357,1004,'2017-03-29 04:07:00'),(358,1004,'2017-03-29 08:41:00'),(359,1004,'2017-03-29 09:43:00'),(360,1004,'2017-03-29 14:18:00'),(361,1004,'2017-03-30 09:10:00'),(362,1004,'2017-03-30 09:42:00'),(363,1004,'2017-03-30 14:17:00'),(1292,1005,'2017-02-01 03:55:00'),(1293,1005,'2017-02-01 09:19:00'),(1294,1005,'2017-02-01 10:15:00'),(1295,1005,'2017-02-01 14:16:00'),(1296,1005,'2017-02-02 03:58:00'),(1297,1005,'2017-02-02 09:19:00'),(1298,1005,'2017-02-02 10:03:00'),(1299,1005,'2017-02-02 13:41:00'),(1300,1005,'2017-02-05 04:18:00'),(1301,1005,'2017-02-05 08:58:00'),(1302,1005,'2017-02-05 10:05:00'),(1303,1005,'2017-02-05 13:45:00'),(1304,1005,'2017-02-07 03:51:00'),(1305,1005,'2017-02-07 09:08:00'),(1306,1005,'2017-02-07 09:56:00'),(1307,1005,'2017-02-07 14:03:00'),(1308,1005,'2017-02-08 03:40:00'),(1309,1005,'2017-02-08 09:01:00'),(1310,1005,'2017-02-08 10:14:00'),(1311,1005,'2017-02-08 13:56:00'),(1312,1005,'2017-02-12 03:44:00'),(1313,1005,'2017-02-12 08:50:00'),(1314,1005,'2017-02-12 10:14:00'),(1315,1005,'2017-02-12 14:02:00'),(1316,1005,'2017-02-13 04:18:00'),(1317,1005,'2017-02-13 08:42:00'),(1318,1005,'2017-02-13 09:43:00'),(1319,1005,'2017-02-13 14:11:00'),(1320,1005,'2017-02-14 03:41:00'),(1321,1005,'2017-02-14 09:03:00'),(1322,1005,'2017-02-14 10:05:00'),(1323,1005,'2017-02-14 13:56:00'),(1324,1005,'2017-02-15 04:12:00'),(1325,1005,'2017-02-15 09:14:00'),(1326,1005,'2017-02-15 09:48:00'),(1327,1005,'2017-02-15 14:10:00'),(1328,1005,'2017-02-16 03:51:00'),(1329,1005,'2017-02-16 09:11:00'),(1330,1005,'2017-02-16 10:12:00'),(1331,1005,'2017-02-16 14:17:00'),(1332,1005,'2017-02-19 04:14:00'),(1333,1005,'2017-02-19 08:52:00'),(1334,1005,'2017-02-19 10:16:00'),(1335,1005,'2017-02-19 13:40:00'),(1336,1005,'2017-02-20 04:03:00'),(1337,1005,'2017-02-20 08:59:00'),(1338,1005,'2017-02-20 10:11:00'),(1339,1005,'2017-02-20 13:41:00'),(1340,1005,'2017-02-21 04:01:00'),(1341,1005,'2017-02-21 09:14:00'),(1342,1005,'2017-02-21 09:53:00'),(1343,1005,'2017-02-21 14:02:00'),(1344,1005,'2017-02-22 04:03:00'),(1345,1005,'2017-02-22 08:47:00'),(1346,1005,'2017-02-22 10:06:00'),(1347,1005,'2017-02-22 13:54:00'),(1348,1005,'2017-02-23 04:15:00'),(1349,1005,'2017-02-23 09:00:00'),(1350,1005,'2017-02-23 10:04:00'),(1351,1005,'2017-02-23 14:00:00'),(1352,1005,'2017-02-25 03:41:00'),(1353,1005,'2017-02-25 08:48:00'),(1354,1005,'2017-02-25 09:55:00'),(1355,1005,'2017-02-25 14:11:00'),(1356,1005,'2017-02-26 03:58:00'),(1357,1005,'2017-02-26 09:17:00'),(1358,1005,'2017-02-26 13:47:00'),(1359,1005,'2017-02-27 04:06:00'),(1360,1005,'2017-02-27 09:05:00'),(1361,1005,'2017-02-27 10:13:00'),(1362,1005,'2017-02-27 13:47:00'),(1363,1005,'2017-02-28 04:06:00'),(1364,1005,'2017-02-28 08:57:00'),(1365,1005,'2017-02-28 10:03:00'),(1366,1005,'2017-02-28 14:16:00'),(364,1005,'2017-03-01 04:01:00'),(365,1005,'2017-03-01 08:57:00'),(366,1005,'2017-03-01 10:02:00'),(367,1005,'2017-03-01 14:12:00'),(368,1005,'2017-03-02 03:58:00'),(369,1005,'2017-03-02 09:04:00'),(370,1005,'2017-03-02 10:02:00'),(371,1005,'2017-03-02 14:05:00'),(372,1005,'2017-03-05 03:44:00'),(373,1005,'2017-03-05 09:07:00'),(374,1005,'2017-03-05 10:05:00'),(375,1005,'2017-03-05 13:45:00'),(376,1005,'2017-03-06 08:46:00'),(377,1005,'2017-03-06 10:15:00'),(378,1005,'2017-03-06 13:52:00'),(379,1005,'2017-03-07 03:43:00'),(380,1005,'2017-03-07 09:15:00'),(381,1005,'2017-03-07 10:13:00'),(382,1005,'2017-03-07 13:59:00'),(383,1005,'2017-03-08 04:13:00'),(384,1005,'2017-03-08 09:15:00'),(385,1005,'2017-03-08 09:50:00'),(386,1005,'2017-03-08 14:20:00'),(387,1005,'2017-03-09 04:06:00'),(388,1005,'2017-03-09 09:10:00'),(389,1005,'2017-03-09 10:03:00'),(390,1005,'2017-03-12 04:01:00'),(391,1005,'2017-03-12 08:57:00'),(392,1005,'2017-03-12 10:18:00'),(393,1005,'2017-03-12 13:45:00'),(394,1005,'2017-03-13 03:50:00'),(395,1005,'2017-03-13 08:55:00'),(396,1005,'2017-03-13 09:54:00'),(397,1005,'2017-03-13 14:11:00'),(398,1005,'2017-03-14 04:05:00'),(399,1005,'2017-03-14 09:10:00'),(400,1005,'2017-03-14 10:18:00'),(401,1005,'2017-03-14 14:02:00'),(402,1005,'2017-03-15 03:53:00'),(403,1005,'2017-03-15 09:12:00'),(404,1005,'2017-03-16 04:13:00'),(405,1005,'2017-03-16 09:17:00'),(406,1005,'2017-03-16 09:54:00'),(407,1005,'2017-03-16 13:49:00'),(408,1005,'2017-03-19 04:17:00'),(409,1005,'2017-03-19 08:56:00'),(410,1005,'2017-03-20 04:19:00'),(411,1005,'2017-03-20 08:49:00'),(412,1005,'2017-03-20 14:14:00'),(413,1005,'2017-03-21 03:55:00'),(414,1005,'2017-03-21 09:14:00'),(415,1005,'2017-03-21 09:40:00'),(416,1005,'2017-03-21 14:12:00'),(417,1005,'2017-03-22 03:52:00'),(418,1005,'2017-03-22 09:18:00'),(419,1005,'2017-03-22 10:08:00'),(420,1005,'2017-03-22 14:16:00'),(421,1005,'2017-03-23 04:06:00'),(422,1005,'2017-03-23 08:46:00'),(423,1005,'2017-03-23 10:07:00'),(424,1005,'2017-03-23 14:14:00'),(425,1005,'2017-03-25 03:40:00'),(426,1005,'2017-03-25 09:17:00'),(427,1005,'2017-03-25 10:11:00'),(428,1005,'2017-03-25 14:15:00'),(429,1005,'2017-03-26 04:04:00'),(430,1005,'2017-03-26 08:46:00'),(431,1005,'2017-03-26 09:45:00'),(432,1005,'2017-03-26 14:02:00'),(433,1005,'2017-03-27 04:14:00'),(434,1005,'2017-03-27 08:54:00'),(435,1005,'2017-03-27 10:01:00'),(436,1005,'2017-03-27 13:42:00'),(437,1005,'2017-03-28 03:40:00'),(438,1005,'2017-03-28 09:04:00'),(439,1005,'2017-03-28 10:20:00'),(440,1005,'2017-03-28 14:05:00'),(441,1005,'2017-03-29 03:49:00'),(442,1005,'2017-03-29 08:45:00'),(443,1005,'2017-03-30 04:06:00'),(444,1005,'2017-03-30 08:47:00'),(445,1005,'2017-03-30 10:04:00'),(446,1005,'2017-03-30 13:50:00'),(1367,1006,'2017-02-01 02:53:00'),(1368,1006,'2017-02-01 09:13:00'),(1369,1006,'2017-02-01 10:09:00'),(1370,1006,'2017-02-01 14:00:00'),(1371,1006,'2017-02-02 02:51:00'),(1372,1006,'2017-02-02 09:15:00'),(1373,1006,'2017-02-02 10:08:00'),(1374,1006,'2017-02-02 14:04:00'),(1375,1006,'2017-02-04 03:19:00'),(1376,1006,'2017-02-04 08:48:00'),(1377,1006,'2017-02-04 10:06:00'),(1378,1006,'2017-02-04 13:41:00'),(1379,1006,'2017-02-05 03:09:00'),(1380,1006,'2017-02-05 08:53:00'),(1381,1006,'2017-02-05 10:08:00'),(1382,1006,'2017-02-05 14:04:00'),(1383,1006,'2017-02-06 03:11:00'),(1384,1006,'2017-02-06 09:14:00'),(1385,1006,'2017-02-06 09:51:00'),(1386,1006,'2017-02-06 13:48:00'),(1387,1006,'2017-02-07 03:02:00'),(1388,1006,'2017-02-07 09:02:00'),(1389,1006,'2017-02-07 09:45:00'),(1390,1006,'2017-02-07 14:19:00'),(1391,1006,'2017-02-08 02:41:00'),(1392,1006,'2017-02-08 09:12:00'),(1393,1006,'2017-02-08 09:47:00'),(1394,1006,'2017-02-08 13:43:00'),(1395,1006,'2017-02-09 02:55:00'),(1396,1006,'2017-02-09 08:58:00'),(1397,1006,'2017-02-09 09:50:00'),(1398,1006,'2017-02-09 13:59:00'),(1399,1006,'2017-02-11 03:04:00'),(1400,1006,'2017-02-11 08:44:00'),(1401,1006,'2017-02-11 10:12:00'),(1402,1006,'2017-02-11 13:42:00'),(1403,1006,'2017-02-12 03:03:00'),(1404,1006,'2017-02-12 09:10:00'),(1405,1006,'2017-02-12 09:45:00'),(1406,1006,'2017-02-12 14:06:00'),(1407,1006,'2017-02-13 03:05:00'),(1408,1006,'2017-02-13 09:14:00'),(1409,1006,'2017-02-13 09:59:00'),(1410,1006,'2017-02-13 14:20:00'),(1411,1006,'2017-02-14 03:16:00'),(1412,1006,'2017-02-14 08:40:00'),(1413,1006,'2017-02-14 10:08:00'),(1414,1006,'2017-02-14 14:04:00'),(1415,1006,'2017-02-15 03:18:00'),(1416,1006,'2017-02-15 09:44:00'),(1417,1006,'2017-02-15 13:55:00'),(1418,1006,'2017-02-16 02:47:00'),(1419,1006,'2017-02-16 08:50:00'),(1420,1006,'2017-02-16 09:41:00'),(1421,1006,'2017-02-16 14:00:00'),(1422,1006,'2017-02-18 03:15:00'),(1423,1006,'2017-02-18 08:50:00'),(1424,1006,'2017-02-18 10:06:00'),(1425,1006,'2017-02-18 13:46:00'),(1426,1006,'2017-02-19 09:12:00'),(1427,1006,'2017-02-19 09:56:00'),(1428,1006,'2017-02-19 13:53:00'),(1429,1006,'2017-02-20 03:01:00'),(1430,1006,'2017-02-20 09:07:00'),(1431,1006,'2017-02-20 10:18:00'),(1432,1006,'2017-02-20 14:01:00'),(1433,1006,'2017-02-21 03:14:00'),(1434,1006,'2017-02-21 08:47:00'),(1435,1006,'2017-02-21 14:08:00'),(1436,1006,'2017-02-22 02:54:00'),(1437,1006,'2017-02-22 09:09:00'),(1438,1006,'2017-02-22 09:50:00'),(1439,1006,'2017-02-22 13:43:00'),(1440,1006,'2017-02-23 02:56:00'),(1441,1006,'2017-02-23 09:04:00'),(1442,1006,'2017-02-23 09:50:00'),(1443,1006,'2017-02-23 14:04:00'),(1444,1006,'2017-02-25 03:08:00'),(1445,1006,'2017-02-25 09:11:00'),(1446,1006,'2017-02-25 10:11:00'),(1447,1006,'2017-02-25 13:57:00'),(1448,1006,'2017-02-26 03:19:00'),(1449,1006,'2017-02-26 09:17:00'),(1450,1006,'2017-02-26 09:40:00'),(1451,1006,'2017-02-26 13:51:00'),(1452,1006,'2017-02-27 03:19:00'),(1453,1006,'2017-02-27 08:56:00'),(1454,1006,'2017-02-27 10:02:00'),(1455,1006,'2017-02-27 14:19:00'),(1456,1006,'2017-02-28 03:16:00'),(1457,1006,'2017-02-28 09:14:00'),(1458,1006,'2017-02-28 10:13:00'),(1459,1006,'2017-02-28 14:11:00'),(447,1006,'2017-03-01 03:12:00'),(448,1006,'2017-03-01 09:01:00'),(449,1006,'2017-03-01 09:55:00'),(450,1006,'2017-03-01 14:10:00'),(451,1006,'2017-03-02 08:47:00'),(452,1006,'2017-03-02 10:20:00'),(453,1006,'2017-03-02 13:50:00'),(454,1006,'2017-03-04 03:20:00'),(455,1006,'2017-03-04 08:54:00'),(456,1006,'2017-03-04 09:59:00'),(457,1006,'2017-03-05 03:07:00'),(458,1006,'2017-03-05 08:43:00'),(459,1006,'2017-03-05 09:57:00'),(460,1006,'2017-03-05 14:11:00'),(461,1006,'2017-03-06 02:50:00'),(462,1006,'2017-03-06 09:09:00'),(463,1006,'2017-03-06 09:56:00'),(464,1006,'2017-03-06 13:50:00'),(465,1006,'2017-03-07 02:55:00'),(466,1006,'2017-03-07 08:43:00'),(467,1006,'2017-03-07 09:54:00'),(468,1006,'2017-03-07 13:52:00'),(469,1006,'2017-03-08 02:42:00'),(470,1006,'2017-03-08 09:10:00'),(471,1006,'2017-03-08 09:59:00'),(472,1006,'2017-03-08 13:51:00'),(473,1006,'2017-03-09 03:09:00'),(474,1006,'2017-03-09 09:17:00'),(475,1006,'2017-03-09 10:05:00'),(476,1006,'2017-03-09 13:53:00'),(477,1006,'2017-03-11 02:41:00'),(478,1006,'2017-03-11 09:00:00'),(479,1006,'2017-03-11 10:20:00'),(480,1006,'2017-03-11 14:17:00'),(481,1006,'2017-03-12 02:42:00'),(482,1006,'2017-03-12 09:12:00'),(483,1006,'2017-03-12 10:09:00'),(484,1006,'2017-03-12 13:59:00'),(485,1006,'2017-03-13 02:52:00'),(486,1006,'2017-03-13 09:01:00'),(487,1006,'2017-03-13 10:14:00'),(488,1006,'2017-03-13 14:07:00'),(489,1006,'2017-03-14 02:58:00'),(490,1006,'2017-03-14 09:19:00'),(491,1006,'2017-03-14 10:12:00'),(492,1006,'2017-03-14 13:52:00'),(493,1006,'2017-03-15 02:47:00'),(494,1006,'2017-03-15 10:15:00'),(495,1006,'2017-03-15 14:04:00'),(496,1006,'2017-03-16 09:02:00'),(497,1006,'2017-03-16 10:05:00'),(498,1006,'2017-03-16 14:06:00'),(499,1006,'2017-03-18 03:12:00'),(500,1006,'2017-03-18 09:08:00'),(501,1006,'2017-03-18 14:20:00'),(502,1006,'2017-03-19 02:55:00'),(503,1006,'2017-03-19 08:40:00'),(504,1006,'2017-03-19 10:05:00'),(505,1006,'2017-03-19 13:48:00'),(506,1006,'2017-03-20 03:11:00'),(507,1006,'2017-03-20 09:00:00'),(508,1006,'2017-03-20 10:17:00'),(509,1006,'2017-03-20 13:45:00'),(510,1006,'2017-03-21 03:08:00'),(511,1006,'2017-03-21 09:12:00'),(512,1006,'2017-03-21 09:41:00'),(513,1006,'2017-03-21 14:06:00'),(514,1006,'2017-03-22 02:49:00'),(515,1006,'2017-03-22 08:40:00'),(516,1006,'2017-03-22 09:49:00'),(517,1006,'2017-03-23 03:12:00'),(518,1006,'2017-03-23 08:42:00'),(519,1006,'2017-03-23 09:56:00'),(520,1006,'2017-03-23 13:41:00'),(521,1006,'2017-03-25 02:44:00'),(522,1006,'2017-03-25 08:51:00'),(523,1006,'2017-03-25 10:07:00'),(524,1006,'2017-03-25 14:17:00'),(525,1006,'2017-03-26 03:04:00'),(526,1006,'2017-03-26 09:06:00'),(527,1006,'2017-03-26 10:17:00'),(528,1006,'2017-03-26 14:11:00'),(529,1006,'2017-03-27 02:51:00'),(530,1006,'2017-03-27 09:17:00'),(531,1006,'2017-03-27 10:13:00'),(532,1006,'2017-03-27 13:44:00'),(533,1006,'2017-03-28 03:12:00'),(534,1006,'2017-03-28 08:50:00'),(535,1006,'2017-03-28 10:10:00'),(536,1006,'2017-03-28 13:54:00'),(537,1006,'2017-03-29 03:13:00'),(538,1006,'2017-03-29 09:14:00'),(539,1006,'2017-03-29 09:54:00'),(540,1006,'2017-03-29 14:14:00'),(541,1006,'2017-03-30 02:45:00'),(542,1006,'2017-03-30 09:18:00'),(543,1006,'2017-03-30 10:11:00'),(544,1006,'2017-03-30 13:53:00'),(1460,1007,'2017-02-01 02:47:16'),(1461,1007,'2017-02-01 09:10:03'),(1462,1007,'2017-02-01 14:12:35'),(1463,1007,'2017-02-02 03:05:10'),(1464,1007,'2017-02-02 08:42:49'),(1465,1007,'2017-02-02 10:11:29'),(1466,1007,'2017-02-02 13:52:33'),(1467,1007,'2017-02-04 03:18:40'),(1468,1007,'2017-02-04 09:09:59'),(1469,1007,'2017-02-04 10:19:03'),(1470,1007,'2017-02-04 14:10:59'),(1471,1007,'2017-02-05 03:04:26'),(1472,1007,'2017-02-05 09:00:20'),(1473,1007,'2017-02-05 10:20:54'),(1474,1007,'2017-02-05 14:16:51'),(1475,1007,'2017-02-06 02:45:28'),(1476,1007,'2017-02-06 08:40:32'),(1477,1007,'2017-02-06 09:55:55'),(1478,1007,'2017-02-06 13:59:22'),(1479,1007,'2017-02-07 03:18:35'),(1480,1007,'2017-02-07 08:40:18'),(1481,1007,'2017-02-07 10:15:41'),(1482,1007,'2017-02-07 14:12:56'),(1483,1007,'2017-02-08 03:09:59'),(1484,1007,'2017-02-08 08:47:32'),(1485,1007,'2017-02-08 09:57:40'),(1486,1007,'2017-02-08 14:02:33'),(1487,1007,'2017-02-09 02:40:47'),(1488,1007,'2017-02-09 08:51:30'),(1489,1007,'2017-02-09 10:18:18'),(1490,1007,'2017-02-09 14:01:02'),(1491,1007,'2017-02-10 02:56:07'),(1492,1007,'2017-02-11 03:09:31'),(1493,1007,'2017-02-11 08:44:57'),(1494,1007,'2017-02-11 09:47:38'),(1495,1007,'2017-02-11 14:12:52'),(1496,1007,'2017-02-12 02:58:54'),(1497,1007,'2017-02-12 09:46:30'),(1498,1007,'2017-02-12 13:45:31'),(1499,1007,'2017-02-13 02:44:37'),(1500,1007,'2017-02-13 10:13:20'),(1501,1007,'2017-02-13 13:47:53'),(1502,1007,'2017-02-14 02:43:11'),(1503,1007,'2017-02-14 08:56:09'),(1504,1007,'2017-02-14 09:40:58'),(1505,1007,'2017-02-15 03:09:21'),(1506,1007,'2017-02-15 08:50:54'),(1507,1007,'2017-02-15 09:52:11'),(1508,1007,'2017-02-15 13:40:50'),(1509,1007,'2017-02-16 03:06:24'),(1510,1007,'2017-02-16 09:09:29'),(1511,1007,'2017-02-16 10:02:19'),(1512,1007,'2017-02-16 14:20:23'),(1513,1007,'2017-02-17 02:45:02'),(1514,1007,'2017-02-18 03:19:29'),(1515,1007,'2017-02-18 08:47:26'),(1516,1007,'2017-02-18 13:40:49'),(1517,1007,'2017-02-19 03:05:02'),(1518,1007,'2017-02-19 08:41:54'),(1519,1007,'2017-02-19 10:09:06'),(1520,1007,'2017-02-19 14:04:05'),(1521,1007,'2017-02-20 03:12:46'),(1522,1007,'2017-02-20 09:15:14'),(1523,1007,'2017-02-20 09:52:50'),(1524,1007,'2017-02-20 14:18:20'),(1525,1007,'2017-02-21 02:50:02'),(1526,1007,'2017-02-21 09:07:52'),(1527,1007,'2017-02-21 10:14:31'),(1528,1007,'2017-02-21 13:50:14'),(1529,1007,'2017-02-22 03:00:59'),(1530,1007,'2017-02-22 08:43:46'),(1531,1007,'2017-02-22 10:20:09'),(1532,1007,'2017-02-22 13:58:17'),(1533,1007,'2017-02-23 03:11:55'),(1534,1007,'2017-02-23 09:19:57'),(1535,1007,'2017-02-23 13:59:28'),(1536,1007,'2017-02-25 03:08:55'),(1537,1007,'2017-02-25 08:44:42'),(1538,1007,'2017-02-25 10:00:44'),(1539,1007,'2017-02-25 13:55:12'),(1540,1007,'2017-02-26 02:58:21'),(1541,1007,'2017-02-26 09:19:51'),(1542,1007,'2017-02-26 09:54:52'),(1543,1007,'2017-02-26 14:13:17'),(1544,1007,'2017-02-27 02:56:13'),(1545,1007,'2017-02-27 08:49:03'),(1546,1007,'2017-02-27 10:07:43'),(1547,1007,'2017-02-27 14:07:02'),(1548,1007,'2017-02-28 03:10:06'),(1549,1007,'2017-02-28 09:52:12'),(1550,1007,'2017-02-28 13:43:11'),(545,1007,'2017-03-01 02:54:00'),(546,1007,'2017-03-01 08:56:00'),(547,1007,'2017-03-01 09:57:00'),(548,1007,'2017-03-01 14:18:00'),(549,1007,'2017-03-02 02:57:00'),(550,1007,'2017-03-02 09:18:00'),(551,1007,'2017-03-02 10:12:00'),(552,1007,'2017-03-02 14:11:00'),(553,1007,'2017-03-04 03:19:00'),(554,1007,'2017-03-04 09:12:00'),(555,1007,'2017-03-04 10:17:00'),(556,1007,'2017-03-04 14:14:00'),(557,1007,'2017-03-05 03:01:00'),(558,1007,'2017-03-05 08:56:00'),(559,1007,'2017-03-05 09:59:00'),(560,1007,'2017-03-05 14:05:00'),(561,1007,'2017-03-06 09:01:00'),(562,1007,'2017-03-06 10:07:00'),(563,1007,'2017-03-06 13:45:00'),(564,1007,'2017-03-07 02:47:00'),(565,1007,'2017-03-07 08:44:00'),(566,1007,'2017-03-07 10:02:00'),(567,1007,'2017-03-07 14:08:00'),(568,1007,'2017-03-09 03:18:00'),(569,1007,'2017-03-09 08:45:00'),(570,1007,'2017-03-09 09:58:00'),(571,1007,'2017-03-09 14:07:00'),(572,1007,'2017-03-11 02:47:00'),(573,1007,'2017-03-11 09:05:00'),(574,1007,'2017-03-11 09:57:00'),(575,1007,'2017-03-11 13:43:00'),(576,1007,'2017-03-12 03:15:00'),(577,1007,'2017-03-12 09:20:00'),(578,1007,'2017-03-12 09:44:00'),(579,1007,'2017-03-12 14:05:00'),(580,1007,'2017-03-13 03:20:00'),(581,1007,'2017-03-13 08:55:00'),(582,1007,'2017-03-13 09:43:00'),(583,1007,'2017-03-13 13:51:00'),(584,1007,'2017-03-14 03:06:00'),(585,1007,'2017-03-14 08:43:00'),(586,1007,'2017-03-14 10:06:00'),(587,1007,'2017-03-14 14:05:00'),(588,1007,'2017-03-15 02:44:00'),(589,1007,'2017-03-15 09:18:00'),(590,1007,'2017-03-15 09:53:00'),(591,1007,'2017-03-15 13:42:00'),(592,1007,'2017-03-16 03:05:00'),(593,1007,'2017-03-16 08:50:00'),(594,1007,'2017-03-16 10:02:00'),(595,1007,'2017-03-16 14:20:00'),(596,1007,'2017-03-18 02:57:00'),(597,1007,'2017-03-18 09:13:00'),(598,1007,'2017-03-18 10:09:00'),(599,1007,'2017-03-18 13:56:00'),(600,1007,'2017-03-19 09:09:00'),(601,1007,'2017-03-20 02:40:00'),(602,1007,'2017-03-20 10:08:00'),(603,1007,'2017-03-20 14:16:00'),(604,1007,'2017-03-21 03:03:00'),(605,1007,'2017-03-21 08:56:00'),(606,1007,'2017-03-21 09:52:00'),(607,1007,'2017-03-21 13:47:00'),(608,1007,'2017-03-22 03:12:00'),(609,1007,'2017-03-22 09:17:00'),(610,1007,'2017-03-22 09:40:00'),(611,1007,'2017-03-22 13:45:00'),(612,1007,'2017-03-23 03:00:00'),(613,1007,'2017-03-23 08:52:00'),(614,1007,'2017-03-23 10:14:00'),(615,1007,'2017-03-23 14:07:00'),(616,1007,'2017-03-25 02:51:00'),(617,1007,'2017-03-25 08:53:00'),(618,1007,'2017-03-25 10:11:00'),(619,1007,'2017-03-25 13:59:00'),(620,1007,'2017-03-26 02:58:00'),(621,1007,'2017-03-26 09:05:00'),(622,1007,'2017-03-26 09:44:00'),(623,1007,'2017-03-26 14:20:00'),(624,1007,'2017-03-27 03:19:00'),(625,1007,'2017-03-27 09:01:00'),(626,1007,'2017-03-27 10:19:00'),(627,1007,'2017-03-27 13:58:00'),(628,1007,'2017-03-28 02:48:00'),(629,1007,'2017-03-28 08:45:00'),(630,1007,'2017-03-28 10:11:00'),(631,1007,'2017-03-28 13:58:00'),(632,1007,'2017-03-29 02:48:00'),(633,1007,'2017-03-29 08:50:00'),(634,1007,'2017-03-29 10:05:00'),(635,1007,'2017-03-30 02:42:00'),(636,1007,'2017-03-30 08:51:00'),(637,1007,'2017-03-30 10:07:00'),(638,1007,'2017-03-30 13:41:00'),(1551,1008,'2017-02-01 02:58:28'),(1552,1008,'2017-02-01 10:18:33'),(1553,1008,'2017-02-01 13:40:16'),(1554,1008,'2017-02-02 02:59:50'),(1555,1008,'2017-02-02 08:48:30'),(1556,1008,'2017-02-02 09:47:28'),(1557,1008,'2017-02-02 14:15:20'),(1558,1008,'2017-02-04 03:02:53'),(1559,1008,'2017-02-04 09:14:23'),(1560,1008,'2017-02-04 10:15:06'),(1561,1008,'2017-02-04 14:03:59'),(1562,1008,'2017-02-05 03:03:19'),(1563,1008,'2017-02-05 09:13:34'),(1564,1008,'2017-02-05 09:41:34'),(1565,1008,'2017-02-05 13:41:16'),(1566,1008,'2017-02-06 03:06:22'),(1567,1008,'2017-02-06 08:54:33'),(1568,1008,'2017-02-06 09:51:14'),(1569,1008,'2017-02-06 14:06:38'),(1570,1008,'2017-02-07 03:14:02'),(1571,1008,'2017-02-07 09:13:37'),(1572,1008,'2017-02-07 09:53:58'),(1573,1008,'2017-02-07 13:51:56'),(1574,1008,'2017-02-08 03:19:53'),(1575,1008,'2017-02-08 10:16:15'),(1576,1008,'2017-02-08 13:57:50'),(1577,1008,'2017-02-09 03:08:57'),(1578,1008,'2017-02-09 08:43:52'),(1579,1008,'2017-02-09 09:56:38'),(1580,1008,'2017-02-09 13:40:19'),(1581,1008,'2017-02-11 03:15:39'),(1582,1008,'2017-02-11 08:42:16'),(1583,1008,'2017-02-11 10:15:47'),(1584,1008,'2017-02-11 14:05:21'),(1585,1008,'2017-02-12 02:43:24'),(1586,1008,'2017-02-12 09:56:32'),(1587,1008,'2017-02-12 13:46:26'),(1588,1008,'2017-02-13 02:46:54'),(1589,1008,'2017-02-13 09:09:33'),(1590,1008,'2017-02-13 09:41:01'),(1591,1008,'2017-02-13 14:09:14'),(1592,1008,'2017-02-14 03:13:33'),(1593,1008,'2017-02-14 09:00:28'),(1594,1008,'2017-02-14 13:58:33'),(1595,1008,'2017-02-15 03:09:45'),(1596,1008,'2017-02-15 09:04:36'),(1597,1008,'2017-02-15 10:05:38'),(1598,1008,'2017-02-15 14:12:39'),(1599,1008,'2017-02-16 02:52:08'),(1600,1008,'2017-02-16 08:53:28'),(1601,1008,'2017-02-16 09:51:50'),(1602,1008,'2017-02-16 13:56:57'),(1603,1008,'2017-02-18 03:09:13'),(1604,1008,'2017-02-18 10:17:16'),(1605,1008,'2017-02-18 13:54:44'),(1606,1008,'2017-02-19 03:14:34'),(1607,1008,'2017-02-19 08:58:25'),(1608,1008,'2017-02-19 09:45:13'),(1609,1008,'2017-02-19 14:11:48'),(1610,1008,'2017-02-20 03:11:33'),(1611,1008,'2017-02-20 08:45:07'),(1612,1008,'2017-02-20 10:15:57'),(1613,1008,'2017-02-20 13:45:16'),(1614,1008,'2017-02-21 02:40:44'),(1615,1008,'2017-02-21 08:51:36'),(1616,1008,'2017-02-21 10:04:17'),(1617,1008,'2017-02-21 13:55:19'),(1618,1008,'2017-02-22 02:43:07'),(1619,1008,'2017-02-22 09:10:28'),(1620,1008,'2017-02-22 14:11:40'),(1621,1008,'2017-02-23 03:07:38'),(1622,1008,'2017-02-23 08:42:32'),(1623,1008,'2017-02-23 10:20:22'),(1624,1008,'2017-02-23 13:57:56'),(1625,1008,'2017-02-25 02:41:12'),(1626,1008,'2017-02-25 09:20:19'),(1627,1008,'2017-02-25 14:10:23'),(1628,1008,'2017-02-26 02:55:14'),(1629,1008,'2017-02-26 09:04:08'),(1630,1008,'2017-02-26 13:44:32'),(1631,1008,'2017-02-27 03:12:17'),(1632,1008,'2017-02-27 09:10:25'),(1633,1008,'2017-02-27 09:42:52'),(1634,1008,'2017-02-27 14:18:14'),(1635,1008,'2017-02-28 03:03:10'),(1636,1008,'2017-02-28 08:56:20'),(1637,1008,'2017-02-28 10:09:20'),(1638,1008,'2017-02-28 13:41:13'),(639,1008,'2017-03-01 02:52:00'),(640,1008,'2017-03-01 10:11:00'),(641,1008,'2017-03-01 13:44:00'),(642,1008,'2017-03-02 02:52:00'),(643,1008,'2017-03-02 08:42:00'),(644,1008,'2017-03-02 09:55:00'),(645,1008,'2017-03-02 14:01:00'),(646,1008,'2017-03-03 03:20:00'),(647,1008,'2017-03-03 08:42:00'),(648,1008,'2017-03-03 10:18:00'),(649,1008,'2017-03-03 14:10:00'),(650,1008,'2017-03-04 02:44:00'),(651,1008,'2017-03-04 08:56:00'),(652,1008,'2017-03-04 13:44:00'),(653,1008,'2017-03-05 03:14:00'),(654,1008,'2017-03-05 08:53:00'),(655,1008,'2017-03-05 09:49:00'),(656,1008,'2017-03-05 14:01:00'),(657,1008,'2017-03-06 02:44:00'),(658,1008,'2017-03-06 08:59:00'),(659,1008,'2017-03-06 09:47:00'),(660,1008,'2017-03-06 14:13:00'),(661,1008,'2017-03-07 03:13:00'),(662,1008,'2017-03-07 08:48:00'),(663,1008,'2017-03-07 10:01:00'),(664,1008,'2017-03-07 14:09:00'),(665,1008,'2017-03-08 03:10:00'),(666,1008,'2017-03-08 08:49:00'),(667,1008,'2017-03-08 09:46:00'),(668,1008,'2017-03-08 14:16:00'),(669,1008,'2017-03-09 03:03:00'),(670,1008,'2017-03-09 08:57:00'),(671,1008,'2017-03-09 10:18:00'),(672,1008,'2017-03-09 13:56:00'),(673,1008,'2017-03-11 02:49:00'),(674,1008,'2017-03-11 09:12:00'),(675,1008,'2017-03-11 09:58:00'),(676,1008,'2017-03-11 14:18:00'),(677,1008,'2017-03-12 03:00:00'),(678,1008,'2017-03-12 08:56:00'),(679,1008,'2017-03-12 10:09:00'),(680,1008,'2017-03-12 13:40:00'),(681,1008,'2017-03-13 02:50:00'),(682,1008,'2017-03-13 09:02:00'),(683,1008,'2017-03-13 10:02:00'),(684,1008,'2017-03-13 14:04:00'),(685,1008,'2017-03-14 02:50:00'),(686,1008,'2017-03-14 08:43:00'),(687,1008,'2017-03-14 10:06:00'),(688,1008,'2017-03-14 13:49:00'),(689,1008,'2017-03-15 02:51:00'),(690,1008,'2017-03-15 09:04:00'),(691,1008,'2017-03-15 09:41:00'),(692,1008,'2017-03-15 14:14:00'),(693,1008,'2017-03-16 02:49:00'),(694,1008,'2017-03-16 08:51:00'),(695,1008,'2017-03-16 14:07:00'),(696,1008,'2017-03-18 02:43:00'),(697,1008,'2017-03-18 08:41:00'),(698,1008,'2017-03-18 10:12:00'),(699,1008,'2017-03-18 14:09:00'),(700,1008,'2017-03-19 02:48:00'),(701,1008,'2017-03-19 09:05:00'),(702,1008,'2017-03-19 10:08:00'),(703,1008,'2017-03-19 13:53:00'),(704,1008,'2017-03-20 03:14:00'),(705,1008,'2017-03-20 09:13:00'),(706,1008,'2017-03-20 10:15:00'),(707,1008,'2017-03-20 13:48:00'),(708,1008,'2017-03-21 02:55:00'),(709,1008,'2017-03-21 09:11:00'),(710,1008,'2017-03-21 10:19:00'),(711,1008,'2017-03-21 14:16:00'),(712,1008,'2017-03-22 03:02:00'),(713,1008,'2017-03-22 09:14:00'),(714,1008,'2017-03-22 10:18:00'),(715,1008,'2017-03-22 14:05:00'),(716,1008,'2017-03-23 03:16:00'),(717,1008,'2017-03-23 09:07:00'),(718,1008,'2017-03-23 09:57:00'),(719,1008,'2017-03-23 13:45:00'),(720,1008,'2017-03-25 02:51:00'),(721,1008,'2017-03-25 09:17:00'),(722,1008,'2017-03-25 10:03:00'),(723,1008,'2017-03-25 14:05:00'),(724,1008,'2017-03-26 02:49:00'),(725,1008,'2017-03-26 09:18:00'),(726,1008,'2017-03-26 10:08:00'),(727,1008,'2017-03-26 14:07:00'),(728,1008,'2017-03-27 02:47:00'),(729,1008,'2017-03-27 08:43:00'),(730,1008,'2017-03-27 09:42:00'),(731,1008,'2017-03-27 14:03:00'),(732,1008,'2017-03-28 03:08:00'),(733,1008,'2017-03-28 08:53:00'),(734,1008,'2017-03-28 09:55:00'),(735,1008,'2017-03-28 13:49:00'),(736,1008,'2017-03-29 02:50:00'),(737,1008,'2017-03-29 09:18:00'),(738,1008,'2017-03-29 10:12:00'),(739,1008,'2017-03-29 13:47:00'),(740,1008,'2017-03-30 02:42:00'),(741,1008,'2017-03-30 09:19:00'),(742,1008,'2017-03-30 10:01:00'),(743,1008,'2017-03-30 14:15:00'),(744,1008,'2017-03-31 03:07:00'),(745,1008,'2017-03-31 09:15:00'),(746,1008,'2017-03-31 09:58:00'),(747,1008,'2017-03-31 14:02:00'),(1639,1009,'2017-02-01 02:44:08'),(1640,1009,'2017-02-01 09:08:28'),(1641,1009,'2017-02-01 10:20:54'),(1642,1009,'2017-02-01 13:54:42'),(1643,1009,'2017-02-02 03:06:19'),(1644,1009,'2017-02-02 10:10:22'),(1645,1009,'2017-02-02 13:40:42'),(1646,1009,'2017-02-03 03:03:57'),(1647,1009,'2017-02-04 03:19:13'),(1648,1009,'2017-02-04 08:56:39'),(1649,1009,'2017-02-04 09:40:08'),(1650,1009,'2017-02-04 13:55:03'),(1651,1009,'2017-02-05 02:46:56'),(1652,1009,'2017-02-05 09:02:52'),(1653,1009,'2017-02-05 10:07:13'),(1654,1009,'2017-02-05 14:17:16'),(1655,1009,'2017-02-06 03:18:41'),(1656,1009,'2017-02-06 09:11:17'),(1657,1009,'2017-02-06 13:56:14'),(1658,1009,'2017-02-07 03:01:41'),(1659,1009,'2017-02-07 08:51:51'),(1660,1009,'2017-02-07 10:15:19'),(1661,1009,'2017-02-07 13:40:44'),(1662,1009,'2017-02-08 02:47:35'),(1663,1009,'2017-02-08 09:12:19'),(1664,1009,'2017-02-08 10:05:42'),(1665,1009,'2017-02-09 02:56:39'),(1666,1009,'2017-02-09 08:56:04'),(1667,1009,'2017-02-09 10:15:36'),(1668,1009,'2017-02-09 13:40:33'),(1669,1009,'2017-02-11 03:15:53'),(1670,1009,'2017-02-11 08:48:05'),(1671,1009,'2017-02-11 10:06:24'),(1672,1009,'2017-02-11 14:01:19'),(1673,1009,'2017-02-12 02:47:50'),(1674,1009,'2017-02-12 09:11:22'),(1675,1009,'2017-02-12 10:07:53'),(1676,1009,'2017-02-12 14:11:28'),(1677,1009,'2017-02-13 03:11:45'),(1678,1009,'2017-02-13 09:17:35'),(1679,1009,'2017-02-13 10:08:32'),(1680,1009,'2017-02-13 14:09:55'),(1681,1009,'2017-02-14 03:04:42'),(1682,1009,'2017-02-14 08:51:37'),(1683,1009,'2017-02-14 09:42:18'),(1684,1009,'2017-02-14 13:40:55'),(1685,1009,'2017-02-15 03:12:59'),(1686,1009,'2017-02-15 08:56:30'),(1687,1009,'2017-02-15 10:16:50'),(1688,1009,'2017-02-15 14:13:48'),(1689,1009,'2017-02-16 02:52:08'),(1690,1009,'2017-02-16 08:51:43'),(1691,1009,'2017-02-16 09:40:13'),(1692,1009,'2017-02-16 13:48:07'),(1693,1009,'2017-02-18 03:18:49'),(1694,1009,'2017-02-18 08:58:22'),(1695,1009,'2017-02-18 09:56:59'),(1696,1009,'2017-02-18 14:03:06'),(1697,1009,'2017-02-19 02:42:30'),(1698,1009,'2017-02-19 09:13:14'),(1699,1009,'2017-02-19 09:54:56'),(1700,1009,'2017-02-19 14:09:04'),(1701,1009,'2017-02-20 02:46:59'),(1702,1009,'2017-02-20 09:14:09'),(1703,1009,'2017-02-20 10:09:42'),(1704,1009,'2017-02-20 13:58:30'),(1705,1009,'2017-02-21 03:07:52'),(1706,1009,'2017-02-21 09:19:06'),(1707,1009,'2017-02-21 09:51:57'),(1708,1009,'2017-02-21 13:41:21'),(1709,1009,'2017-02-22 02:52:51'),(1710,1009,'2017-02-22 09:02:13'),(1711,1009,'2017-02-22 10:19:21'),(1712,1009,'2017-02-22 13:49:57'),(1713,1009,'2017-02-23 02:52:05'),(1714,1009,'2017-02-23 09:14:05'),(1715,1009,'2017-02-23 09:53:10'),(1716,1009,'2017-02-23 14:15:48'),(1717,1009,'2017-02-25 02:43:30'),(1718,1009,'2017-02-25 09:10:21'),(1719,1009,'2017-02-25 10:12:28'),(1720,1009,'2017-02-25 13:40:47'),(1721,1009,'2017-02-26 02:47:51'),(1722,1009,'2017-02-26 09:18:09'),(1723,1009,'2017-02-26 09:51:55'),(1724,1009,'2017-02-26 13:49:40'),(1725,1009,'2017-02-27 03:07:40'),(1726,1009,'2017-02-27 08:53:14'),(1727,1009,'2017-02-27 10:11:32'),(1728,1009,'2017-02-27 14:15:31'),(1729,1009,'2017-02-28 03:06:06'),(1730,1009,'2017-02-28 08:46:07'),(1731,1009,'2017-02-28 09:59:56'),(748,1009,'2017-03-01 03:05:00'),(749,1009,'2017-03-01 08:50:00'),(750,1009,'2017-03-01 10:02:00'),(751,1009,'2017-03-01 13:56:00'),(752,1009,'2017-03-02 03:03:00'),(753,1009,'2017-03-02 08:48:00'),(754,1009,'2017-03-02 09:40:00'),(755,1009,'2017-03-02 13:52:00'),(756,1009,'2017-03-04 02:48:00'),(757,1009,'2017-03-04 08:44:00'),(758,1009,'2017-03-04 10:04:00'),(759,1009,'2017-03-04 14:10:00'),(760,1009,'2017-03-05 02:40:00'),(761,1009,'2017-03-05 09:19:00'),(762,1009,'2017-03-05 10:17:00'),(763,1009,'2017-03-05 14:04:00'),(764,1009,'2017-03-06 03:15:00'),(765,1009,'2017-03-06 09:03:00'),(766,1009,'2017-03-06 09:58:00'),(767,1009,'2017-03-06 14:01:00'),(768,1009,'2017-03-07 03:01:00'),(769,1009,'2017-03-07 09:19:00'),(770,1009,'2017-03-07 10:00:00'),(771,1009,'2017-03-08 02:57:00'),(772,1009,'2017-03-08 09:58:00'),(773,1009,'2017-03-08 14:00:00'),(774,1009,'2017-03-09 03:02:00'),(775,1009,'2017-03-09 08:44:00'),(776,1009,'2017-03-09 10:01:00'),(777,1009,'2017-03-09 13:51:00'),(778,1009,'2017-03-11 02:46:00'),(779,1009,'2017-03-11 09:14:00'),(780,1009,'2017-03-11 10:20:00'),(781,1009,'2017-03-11 13:52:00'),(782,1009,'2017-03-12 02:59:00'),(783,1009,'2017-03-12 09:16:00'),(784,1009,'2017-03-12 10:00:00'),(785,1009,'2017-03-12 14:05:00'),(786,1009,'2017-03-13 02:58:00'),(787,1009,'2017-03-13 08:40:00'),(788,1009,'2017-03-13 09:40:00'),(789,1009,'2017-03-13 14:07:00'),(790,1009,'2017-03-14 02:51:00'),(791,1009,'2017-03-14 08:47:00'),(792,1009,'2017-03-14 09:58:00'),(793,1009,'2017-03-14 14:17:00'),(794,1009,'2017-03-15 02:53:00'),(795,1009,'2017-03-15 08:55:00'),(796,1009,'2017-03-15 13:45:00'),(797,1009,'2017-03-16 03:13:00'),(798,1009,'2017-03-16 09:18:00'),(799,1009,'2017-03-16 10:18:00'),(800,1009,'2017-03-16 14:01:00'),(801,1009,'2017-03-18 03:13:00'),(802,1009,'2017-03-18 09:17:00'),(803,1009,'2017-03-18 10:02:00'),(804,1009,'2017-03-18 13:46:00'),(805,1009,'2017-03-19 03:15:00'),(806,1009,'2017-03-19 08:55:00'),(807,1009,'2017-03-19 10:06:00'),(808,1009,'2017-03-19 13:54:00'),(809,1009,'2017-03-20 03:16:00'),(810,1009,'2017-03-20 08:59:00'),(811,1009,'2017-03-20 09:44:00'),(812,1009,'2017-03-20 13:49:00'),(813,1009,'2017-03-21 02:58:00'),(814,1009,'2017-03-21 09:18:00'),(815,1009,'2017-03-21 10:09:00'),(816,1009,'2017-03-21 14:10:00'),(817,1009,'2017-03-22 02:50:00'),(818,1009,'2017-03-22 10:14:00'),(819,1009,'2017-03-22 13:57:00'),(820,1009,'2017-03-23 02:59:00'),(821,1009,'2017-03-23 08:43:00'),(822,1009,'2017-03-23 10:06:00'),(823,1009,'2017-03-25 03:01:00'),(824,1009,'2017-03-25 08:55:00'),(825,1009,'2017-03-25 13:58:00'),(826,1009,'2017-03-26 03:05:00'),(827,1009,'2017-03-26 09:13:00'),(828,1009,'2017-03-26 09:50:00'),(829,1009,'2017-03-26 14:01:00'),(830,1009,'2017-03-27 02:53:00'),(831,1009,'2017-03-27 08:46:00'),(832,1009,'2017-03-27 09:49:00'),(833,1009,'2017-03-27 14:09:00'),(834,1009,'2017-03-28 02:47:00'),(835,1009,'2017-03-28 08:58:00'),(836,1009,'2017-03-28 10:19:00'),(837,1009,'2017-03-28 13:44:00'),(838,1009,'2017-03-29 03:13:00'),(839,1009,'2017-03-29 09:20:00'),(840,1009,'2017-03-29 10:03:00'),(841,1009,'2017-03-29 13:59:00'),(842,1009,'2017-03-30 03:17:00'),(843,1009,'2017-03-30 09:01:00'),(844,1009,'2017-03-30 10:08:00'),(845,1009,'2017-03-30 14:09:00'),(846,1009,'2017-03-31 03:15:00'),(847,1009,'2017-03-31 08:40:00'),(848,1009,'2017-03-31 09:59:00'),(849,1009,'2017-03-31 14:03:00'),(1732,1010,'2017-02-01 02:43:28'),(1733,1010,'2017-02-01 09:00:33'),(1734,1010,'2017-02-01 10:09:35'),(1735,1010,'2017-02-01 14:03:46'),(1736,1010,'2017-02-02 03:10:19'),(1737,1010,'2017-02-02 08:56:44'),(1738,1010,'2017-02-02 10:02:09'),(1739,1010,'2017-02-02 13:57:38'),(1740,1010,'2017-02-04 09:18:25'),(1741,1010,'2017-02-04 14:16:34'),(1742,1010,'2017-02-05 03:00:33'),(1743,1010,'2017-02-05 09:08:20'),(1744,1010,'2017-02-05 09:45:56'),(1745,1010,'2017-02-05 13:49:26'),(1746,1010,'2017-02-06 02:59:40'),(1747,1010,'2017-02-06 08:46:43'),(1748,1010,'2017-02-06 10:11:49'),(1749,1010,'2017-02-06 14:03:57'),(1750,1010,'2017-02-07 03:06:40'),(1751,1010,'2017-02-07 09:19:53'),(1752,1010,'2017-02-07 09:52:41'),(1753,1010,'2017-02-07 13:45:54'),(1754,1010,'2017-02-08 02:51:49'),(1755,1010,'2017-02-08 08:50:24'),(1756,1010,'2017-02-08 09:49:51'),(1757,1010,'2017-02-08 14:19:42'),(1758,1010,'2017-02-09 03:10:45'),(1759,1010,'2017-02-09 09:43:29'),(1760,1010,'2017-02-09 14:08:46'),(1761,1010,'2017-02-11 02:58:44'),(1762,1010,'2017-02-11 08:41:03'),(1763,1010,'2017-02-11 10:11:13'),(1764,1010,'2017-02-11 13:49:23'),(1765,1010,'2017-02-12 03:07:59'),(1766,1010,'2017-02-12 09:18:49'),(1767,1010,'2017-02-12 09:56:07'),(1768,1010,'2017-02-12 13:55:11'),(1769,1010,'2017-02-13 02:56:27'),(1770,1010,'2017-02-13 09:11:08'),(1771,1010,'2017-02-13 09:51:45'),(1772,1010,'2017-02-13 14:13:23'),(1773,1010,'2017-02-14 02:41:42'),(1774,1010,'2017-02-14 09:12:02'),(1775,1010,'2017-02-14 09:44:52'),(1776,1010,'2017-02-14 14:03:05'),(1777,1010,'2017-02-15 02:59:06'),(1778,1010,'2017-02-15 09:05:08'),(1779,1010,'2017-02-15 10:13:54'),(1780,1010,'2017-02-15 13:50:11'),(1781,1010,'2017-02-16 03:05:10'),(1782,1010,'2017-02-16 08:53:01'),(1783,1010,'2017-02-16 09:57:25'),(1784,1010,'2017-02-16 14:08:24'),(1785,1010,'2017-02-18 03:01:59'),(1786,1010,'2017-02-18 09:09:28'),(1787,1010,'2017-02-18 09:57:53'),(1788,1010,'2017-02-18 14:16:49'),(1789,1010,'2017-02-19 03:07:31'),(1790,1010,'2017-02-19 09:00:21'),(1791,1010,'2017-02-19 10:18:34'),(1792,1010,'2017-02-19 13:42:29'),(1793,1010,'2017-02-20 02:45:06'),(1794,1010,'2017-02-20 09:12:24'),(1795,1010,'2017-02-20 09:56:19'),(1796,1010,'2017-02-20 14:18:59'),(1797,1010,'2017-02-21 02:56:03'),(1798,1010,'2017-02-21 09:09:36'),(1799,1010,'2017-02-21 10:00:51'),(1800,1010,'2017-02-21 14:18:12'),(1801,1010,'2017-02-22 03:12:23'),(1802,1010,'2017-02-22 08:48:46'),(1803,1010,'2017-02-22 09:55:40'),(1804,1010,'2017-02-22 13:52:09'),(1805,1010,'2017-02-23 03:05:55'),(1806,1010,'2017-02-23 08:59:12'),(1807,1010,'2017-02-23 09:50:01'),(1808,1010,'2017-02-23 14:04:03'),(1809,1010,'2017-02-25 03:13:40'),(1810,1010,'2017-02-25 09:15:47'),(1811,1010,'2017-02-25 10:03:49'),(1812,1010,'2017-02-25 14:05:30'),(1813,1010,'2017-02-26 03:07:30'),(1814,1010,'2017-02-26 09:11:35'),(1815,1010,'2017-02-26 10:04:10'),(1816,1010,'2017-02-26 13:42:41'),(1817,1010,'2017-02-28 02:43:42'),(1818,1010,'2017-02-28 09:19:57'),(1819,1010,'2017-02-28 09:53:47'),(1820,1010,'2017-02-28 13:57:34'),(850,1010,'2017-03-01 02:46:00'),(851,1010,'2017-03-01 08:57:00'),(852,1010,'2017-03-01 09:49:00'),(853,1010,'2017-03-01 14:12:00'),(854,1010,'2017-03-02 03:07:00'),(855,1010,'2017-03-02 09:02:00'),(856,1010,'2017-03-02 09:41:00'),(857,1010,'2017-03-02 13:44:00'),(858,1010,'2017-03-04 03:02:00'),(859,1010,'2017-03-04 09:02:00'),(860,1010,'2017-03-04 09:48:00'),(861,1010,'2017-03-04 13:44:00'),(862,1010,'2017-03-05 03:04:00'),(863,1010,'2017-03-05 08:56:00'),(864,1010,'2017-03-05 10:08:00'),(865,1010,'2017-03-05 13:59:00'),(866,1010,'2017-03-06 02:44:00'),(867,1010,'2017-03-06 09:05:00'),(868,1010,'2017-03-06 09:55:00'),(869,1010,'2017-03-06 14:18:00'),(870,1010,'2017-03-07 03:20:00'),(871,1010,'2017-03-07 08:47:00'),(872,1010,'2017-03-07 09:46:00'),(873,1010,'2017-03-07 13:47:00'),(874,1010,'2017-03-08 03:02:00'),(875,1010,'2017-03-08 09:11:00'),(876,1010,'2017-03-08 09:40:00'),(877,1010,'2017-03-08 13:52:00'),(878,1010,'2017-03-09 03:09:00'),(879,1010,'2017-03-09 09:15:00'),(880,1010,'2017-03-09 10:18:00'),(881,1010,'2017-03-09 14:08:00'),(882,1010,'2017-03-11 02:48:00'),(883,1010,'2017-03-11 09:16:00'),(884,1010,'2017-03-11 10:13:00'),(885,1010,'2017-03-11 14:18:00'),(886,1010,'2017-03-12 03:19:00'),(887,1010,'2017-03-12 08:41:00'),(888,1010,'2017-03-12 10:02:00'),(889,1010,'2017-03-12 13:55:00'),(890,1010,'2017-03-13 02:56:00'),(891,1010,'2017-03-13 08:50:00'),(892,1010,'2017-03-13 10:18:00'),(893,1010,'2017-03-13 14:02:00'),(894,1010,'2017-03-14 02:42:00'),(895,1010,'2017-03-14 08:44:00'),(896,1010,'2017-03-14 10:18:00'),(897,1010,'2017-03-14 14:01:00'),(898,1010,'2017-03-15 03:01:00'),(899,1010,'2017-03-15 09:48:00'),(900,1010,'2017-03-15 13:54:00'),(901,1010,'2017-03-16 02:43:00'),(902,1010,'2017-03-16 09:14:00'),(903,1010,'2017-03-16 09:51:00'),(904,1010,'2017-03-16 14:11:00'),(905,1010,'2017-03-18 03:11:00'),(906,1010,'2017-03-18 08:56:00'),(907,1010,'2017-03-18 10:19:00'),(908,1010,'2017-03-18 14:09:00'),(909,1010,'2017-03-19 02:57:00'),(910,1010,'2017-03-19 09:06:00'),(911,1010,'2017-03-19 09:58:00'),(912,1010,'2017-03-19 14:18:00'),(913,1010,'2017-03-20 02:41:00'),(914,1010,'2017-03-20 09:13:00'),(915,1010,'2017-03-20 10:02:00'),(916,1010,'2017-03-20 14:09:00'),(917,1010,'2017-03-21 03:09:00'),(918,1010,'2017-03-21 08:59:00'),(919,1010,'2017-03-21 10:10:00'),(920,1010,'2017-03-21 13:46:00'),(921,1010,'2017-03-22 02:58:00'),(922,1010,'2017-03-22 09:00:00'),(923,1010,'2017-03-22 10:08:00'),(924,1010,'2017-03-22 14:16:00'),(925,1010,'2017-03-23 02:51:00'),(926,1010,'2017-03-23 08:55:00'),(927,1010,'2017-03-23 09:52:00'),(928,1010,'2017-03-23 13:52:00'),(929,1010,'2017-03-25 09:11:00'),(930,1010,'2017-03-25 09:51:00'),(931,1010,'2017-03-25 14:11:00'),(932,1010,'2017-03-26 02:40:00'),(933,1010,'2017-03-26 09:05:00'),(934,1010,'2017-03-26 10:20:00'),(935,1010,'2017-03-26 14:03:00'),(936,1010,'2017-03-27 09:17:00'),(937,1010,'2017-03-27 10:19:00'),(938,1010,'2017-03-27 14:17:00'),(939,1010,'2017-03-28 02:52:00'),(940,1010,'2017-03-28 08:40:00'),(941,1010,'2017-03-28 09:58:00'),(942,1010,'2017-03-28 13:48:00'),(943,1010,'2017-03-29 02:51:00'),(944,1010,'2017-03-29 08:54:00'),(945,1010,'2017-03-29 10:06:00'),(946,1010,'2017-03-29 13:57:00'),(947,1010,'2017-03-30 02:48:00'),(948,1010,'2017-03-30 09:10:00'),(949,1010,'2017-03-30 10:14:00'),(950,1010,'2017-03-30 14:13:00');
/*!40000 ALTER TABLE `attendance_records` ENABLE KEYS */;
UNLOCK TABLES;

--
-- Table structure for table `contracts`
--

DROP TABLE IF EXISTS `contracts`;
/*!40101 SET @saved_cs_client     = @@character_set_client */;
/*!40101 SET character_set_client = utf8 */;
CREATE TABLE `contracts` (
  `id` int(11) NOT NULL AUTO_INCREMENT,
  `emp_id` int(11) NOT NULL,
  `basic` decimal(10,3) NOT NULL,
  `basic_currency` int(11) NOT NULL,
  `basic_recurrence` int(11) NOT NULL,
  `base_hours` int(11) NOT NULL,
  `base_hours_recurrence` int(11) NOT NULL,
  `workdays` int(11) DEFAULT NULL,
  `ot_eligible` tinyint(1) NOT NULL DEFAULT '0',
  `ot_multiplier` decimal(4,3) NOT NULL DEFAULT '1.500',
  `paid_leave` tinyint(1) NOT NULL DEFAULT '0',
  `position` int(11) NOT NULL,
  `soc` date NOT NULL,
  `eoc` date NOT NULL,
  PRIMARY KEY (`id`),
  KEY `emp_id` (`emp_id`),
  KEY `basic_currency` (`basic_currency`),
  KEY `basic_recurrence` (`basic_recurrence`),
  KEY `base_hours_recurrence` (`base_hours_recurrence`),
  KEY `position` (`position`),
  KEY `eoc` (`eoc`),
  KEY `soc` (`soc`),
  KEY `emp_date` (`emp_id`,`soc`,`eoc`),
  CONSTRAINT `contracts_ibfk_1` FOREIGN KEY (`emp_id`) REFERENCES `employees` (`id`) ON UPDATE CASCADE,
  CONSTRAINT `contracts_ibfk_2` FOREIGN KEY (`basic_currency`) REFERENCES `currencies` (`id`) ON UPDATE CASCADE,
  CONSTRAINT `contracts_ibfk_3` FOREIGN KEY (`basic_recurrence`) REFERENCES `recurrences` (`id`) ON UPDATE CASCADE,
  CONSTRAINT `contracts_ibfk_4` FOREIGN KEY (`base_hours_recurrence`) REFERENCES `recurrences` (`id`) ON UPDATE CASCADE,
  CONSTRAINT `contracts_ibfk_5` FOREIGN KEY (`position`) REFERENCES `positions` (`id`) ON UPDATE CASCADE
) ENGINE=InnoDB AUTO_INCREMENT=12 DEFAULT CHARSET=utf8mb4 COLLATE=utf8mb4_unicode_ci;
/*!40101 SET character_set_client = @saved_cs_client */;

--
-- Dumping data for table `contracts`
--

LOCK TABLES `contracts` WRITE;
/*!40000 ALTER TABLE `contracts` DISABLE KEYS */;
INSERT INTO `contracts` VALUES (1,1001,3200.000,3,3,48,2,6,1,1.500,1,1,'2016-03-16','2017-03-16'),(2,1002,3900.000,3,3,48,2,NULL,1,1.500,0,19,'2017-02-09','2018-02-09'),(3,1003,4600.000,2,3,60,2,NULL,0,1.000,0,6,'2016-11-15','2017-11-15'),(4,1004,2900.000,1,3,60,2,NULL,0,1.000,0,16,'2017-01-31','2018-01-31'),(5,1005,9000.000,1,3,60,2,NULL,1,1.500,0,30,'2016-09-23','2017-09-23'),(6,1006,4200.000,3,3,60,2,NULL,1,1.500,0,20,'2017-02-09','2018-02-09'),(7,1007,8300.000,2,3,48,2,NULL,0,1.000,0,2,'2016-08-24','2017-08-24'),(8,1008,7400.000,4,3,48,2,NULL,0,1.000,0,20,'2017-01-22','2018-01-22'),(9,1009,9000.000,4,3,48,2,NULL,0,1.000,0,21,'2016-10-02','2017-10-02'),(10,1010,9100.000,1,3,48,2,NULL,0,1.000,0,29,'2017-02-09','2018-02-09'),(11,1001,3500.000,3,3,48,2,6,1,1.500,1,2,'2017-03-17','2018-03-16');
/*!40000 ALTER TABLE `contracts` ENABLE KEYS */;
UNLOCK TABLES;

--
-- Table structure for table `currencies`
--

DROP TABLE IF EXISTS `currencies`;
/*!40101 SET @saved_cs_client     = @@character_set_client */;
/*!40101 SET character_set_client = utf8 */;
CREATE TABLE `currencies` (
  `id` int(11) NOT NULL AUTO_INCREMENT,
  `code` text COLLATE utf8mb4_unicode_ci NOT NULL,
  `name` text COLLATE utf8mb4_unicode_ci NOT NULL,
  `symbol` text COLLATE utf8mb4_unicode_ci,
  `decimal_places` int(11) NOT NULL DEFAULT '2',
  PRIMARY KEY (`id`)
) ENGINE=InnoDB AUTO_INCREMENT=5 DEFAULT CHARSET=utf8mb4 COLLATE=utf8mb4_unicode_ci;
/*!40101 SET character_set_client = @saved_cs_client */;

--
-- Dumping data for table `currencies`
--

LOCK TABLES `currencies` WRITE;
/*!40000 ALTER TABLE `currencies` DISABLE KEYS */;
INSERT INTO `currencies` VALUES (1,'EUR','Euro','',2),(2,'USD','United States Dollar','$',2),(3,'GBP','British Pound Sterling','',2),(4,'BHD','Bahraini Dinar','.',3);
/*!40000 ALTER TABLE `currencies` ENABLE KEYS */;
UNLOCK TABLES;

--
-- Table structure for table `departments`
--

DROP TABLE IF EXISTS `departments`;
/*!40101 SET @saved_cs_client     = @@character_set_client */;
/*!40101 SET character_set_client = utf8 */;
CREATE TABLE `departments` (
  `id` int(11) NOT NULL AUTO_INCREMENT,
  `name` text COLLATE utf8mb4_unicode_ci NOT NULL,
  PRIMARY KEY (`id`)
) ENGINE=InnoDB AUTO_INCREMENT=4 DEFAULT CHARSET=utf8mb4 COLLATE=utf8mb4_unicode_ci;
/*!40101 SET character_set_client = @saved_cs_client */;

--
-- Dumping data for table `departments`
--

LOCK TABLES `departments` WRITE;
/*!40000 ALTER TABLE `departments` DISABLE KEYS */;
INSERT INTO `departments` VALUES (1,'Human Resources'),(2,'Information Technology'),(3,'Accounts');
/*!40000 ALTER TABLE `departments` ENABLE KEYS */;
UNLOCK TABLES;

--
-- Table structure for table `employees`
--

DROP TABLE IF EXISTS `employees`;
/*!40101 SET @saved_cs_client     = @@character_set_client */;
/*!40101 SET character_set_client = utf8 */;
CREATE TABLE `employees` (
  `id` int(11) NOT NULL AUTO_INCREMENT,
  `name` text COLLATE utf8mb4_unicode_ci NOT NULL,
  `email` text COLLATE utf8mb4_unicode_ci NOT NULL,
  PRIMARY KEY (`id`)
) ENGINE=InnoDB AUTO_INCREMENT=1011 DEFAULT CHARSET=utf8mb4 COLLATE=utf8mb4_unicode_ci;
/*!40101 SET character_set_client = @saved_cs_client */;

--
-- Dumping data for table `employees`
--

LOCK TABLES `employees` WRITE;
/*!40000 ALTER TABLE `employees` DISABLE KEYS */;
INSERT INTO `employees` VALUES (1001,'Beatrisa Lorkings','blorkings0@meetup.com'),(1002,'Marlene Geldard','mgeldard1@nymag.com'),(1003,'Marvin Wynes','mwynes2@canalblog.com'),(1004,'Meredith Godlip','mgodlip3@google.it'),(1005,'Camey McPhelimy','cmcphelimy4@fema.gov'),(1006,'Meris Opfer','mopfer5@businessweek.com'),(1007,'Hali Slyvester','hslyvester6@histats.com'),(1008,'Euell Hamper','ehamper7@alibaba.com'),(1009,'Oran Lenard','olenard8@tumblr.com'),(1010,'Brantley Rainton','brainton9@wordpress.org');
/*!40000 ALTER TABLE `employees` ENABLE KEYS */;
UNLOCK TABLES;

--
-- Table structure for table `holidays`
--

DROP TABLE IF EXISTS `holidays`;
/*!40101 SET @saved_cs_client     = @@character_set_client */;
/*!40101 SET character_set_client = utf8 */;
CREATE TABLE `holidays` (
  `id` int(11) NOT NULL AUTO_INCREMENT,
  `date` date NOT NULL,
  `name` text COLLATE utf8mb4_unicode_ci NOT NULL,
  PRIMARY KEY (`id`)
) ENGINE=InnoDB AUTO_INCREMENT=2 DEFAULT CHARSET=utf8mb4 COLLATE=utf8mb4_unicode_ci;
/*!40101 SET character_set_client = @saved_cs_client */;

--
-- Dumping data for table `holidays`
--

LOCK TABLES `holidays` WRITE;
/*!40000 ALTER TABLE `holidays` DISABLE KEYS */;
INSERT INTO `holidays` VALUES (1,'2017-03-16','Bahrain Public Holiday');
/*!40000 ALTER TABLE `holidays` ENABLE KEYS */;
UNLOCK TABLES;

--
-- Table structure for table `positions`
--

DROP TABLE IF EXISTS `positions`;
/*!40101 SET @saved_cs_client     = @@character_set_client */;
/*!40101 SET character_set_client = utf8 */;
CREATE TABLE `positions` (
  `id` int(11) NOT NULL AUTO_INCREMENT,
  `name` text COLLATE utf8mb4_unicode_ci NOT NULL,
  PRIMARY KEY (`id`)
) ENGINE=InnoDB AUTO_INCREMENT=51 DEFAULT CHARSET=utf8mb4 COLLATE=utf8mb4_unicode_ci;
/*!40101 SET character_set_client = @saved_cs_client */;

--
-- Dumping data for table `positions`
--

LOCK TABLES `positions` WRITE;
/*!40000 ALTER TABLE `positions` DISABLE KEYS */;
INSERT INTO `positions` VALUES (1,'Administrative Assistant I'),(2,'Compensation Analyst'),(3,'Senior Sales Associate'),(4,'Civil Engineer'),(5,'Statistician III'),(6,'Paralegal'),(7,'Staff Scientist'),(8,'VP Marketing'),(9,'Biostatistician III'),(10,'Community Outreach Specialist'),(11,'Community Outreach Specialist'),(12,'Design Engineer'),(13,'Electrical Engineer'),(14,'Nuclear Power Engineer'),(15,'Structural Analysis Engineer'),(16,'Social Worker'),(17,'Statistician I'),(18,'Senior Editor'),(19,'Health Coach II'),(20,'Senior Developer'),(21,'Marketing Manager'),(22,'Environmental Specialist'),(23,'Mechanical Systems Engineer'),(24,'Administrative Assistant II'),(25,'Dental Hygienist'),(26,'Marketing Manager'),(27,'Product Engineer'),(28,'Payment Adjustment Coordinator'),(29,'Web Developer III'),(30,'General Manager'),(31,'Mechanical Systems Engineer'),(32,'Design Engineer'),(33,'GIS Technical Architect'),(34,'Environmental Specialist'),(35,'Senior Cost Accountant'),(36,'Assistant Manager'),(37,'Senior Financial Analyst'),(38,'Nurse'),(39,'Administrative Officer'),(40,'Chief Design Engineer'),(41,'Media Manager III'),(42,'Software Consultant'),(43,'Systems Administrator III'),(44,'GIS Technical Architect'),(45,'Staff Scientist'),(46,'Sales Associate'),(47,'Budget/Accounting Analyst IV'),(48,'Account Executive'),(49,'Executive Secretary'),(50,'Compensation Analyst');
/*!40000 ALTER TABLE `positions` ENABLE KEYS */;
UNLOCK TABLES;

--
-- Table structure for table `recurrences`
--

DROP TABLE IF EXISTS `recurrences`;
/*!40101 SET @saved_cs_client     = @@character_set_client */;
/*!40101 SET character_set_client = utf8 */;
CREATE TABLE `recurrences` (
  `id` int(11) NOT NULL AUTO_INCREMENT,
  `name` text COLLATE utf8mb4_unicode_ci NOT NULL,
  `days` int(11) NOT NULL,
  `period` text COLLATE utf8mb4_unicode_ci NOT NULL,
  `period_designator` text COLLATE utf8mb4_unicode_ci NOT NULL,
  PRIMARY KEY (`id`)
) ENGINE=InnoDB AUTO_INCREMENT=5 DEFAULT CHARSET=utf8mb4 COLLATE=utf8mb4_unicode_ci;
/*!40101 SET character_set_client = @saved_cs_client */;

--
-- Dumping data for table `recurrences`
--

LOCK TABLES `recurrences` WRITE;
/*!40000 ALTER TABLE `recurrences` DISABLE KEYS */;
INSERT INTO `recurrences` VALUES (1,'Day',1,'Daily','D'),(2,'Week',7,'Weekly','W'),(3,'Month',28,'Monthly','M'),(4,'Year',365,'Yearly','Y');
/*!40000 ALTER TABLE `recurrences` ENABLE KEYS */;
UNLOCK TABLES;

--
-- Table structure for table `shift_pattern_assignment`
--

DROP TABLE IF EXISTS `shift_pattern_assignment`;
/*!40101 SET @saved_cs_client     = @@character_set_client */;
/*!40101 SET character_set_client = utf8 */;
CREATE TABLE `shift_pattern_assignment` (
  `id` int(11) NOT NULL AUTO_INCREMENT,
  `sp_id` int(11) NOT NULL,
  `date` date NOT NULL,
  `department` int(11) NOT NULL,
  PRIMARY KEY (`id`),
  KEY `department` (`department`),
  KEY `date` (`date`),
  KEY `sp_id` (`sp_id`),
  KEY `dept_date` (`department`,`date`),
  CONSTRAINT `shift_pattern_assignment_ibfk_1` FOREIGN KEY (`department`) REFERENCES `departments` (`id`) ON UPDATE CASCADE,
  CONSTRAINT `shift_pattern_assignment_ibfk_2` FOREIGN KEY (`sp_id`) REFERENCES `shift_patterns` (`id`)
) ENGINE=InnoDB AUTO_INCREMENT=3 DEFAULT CHARSET=utf8mb4 COLLATE=utf8mb4_unicode_ci;
/*!40101 SET character_set_client = @saved_cs_client */;

--
-- Dumping data for table `shift_pattern_assignment`
--

LOCK TABLES `shift_pattern_assignment` WRITE;
/*!40000 ALTER TABLE `shift_pattern_assignment` DISABLE KEYS */;
INSERT INTO `shift_pattern_assignment` VALUES (1,1,'2016-01-01',1),(2,2,'2016-01-01',2);
/*!40000 ALTER TABLE `shift_pattern_assignment` ENABLE KEYS */;
UNLOCK TABLES;

--
-- Table structure for table `shift_pattern_details`
--

DROP TABLE IF EXISTS `shift_pattern_details`;
/*!40101 SET @saved_cs_client     = @@character_set_client */;
/*!40101 SET character_set_client = utf8 */;
CREATE TABLE `shift_pattern_details` (
  `id` int(11) NOT NULL AUTO_INCREMENT,
  `sp_id` int(11) NOT NULL,
  `day_no` int(11) NOT NULL,
  `day` text COLLATE utf8mb4_unicode_ci NOT NULL,
  `day_start` time NOT NULL,
  `lunch_start` time NOT NULL,
  `lunch_duration` time NOT NULL,
  `day_end` time NOT NULL,
  `sign_in_cut_off` time DEFAULT NULL,
  `day_off` tinyint(1) NOT NULL DEFAULT '0',
  PRIMARY KEY (`id`),
  UNIQUE KEY `spid_day` (`sp_id`,`day_no`),
  KEY `sp_id` (`sp_id`),
  CONSTRAINT `shift_pattern_details_ibfk_1` FOREIGN KEY (`sp_id`) REFERENCES `shift_patterns` (`id`) ON UPDATE CASCADE
) ENGINE=InnoDB AUTO_INCREMENT=16 DEFAULT CHARSET=utf8mb4 COLLATE=utf8mb4_unicode_ci;
/*!40101 SET character_set_client = @saved_cs_client */;

--
-- Dumping data for table `shift_pattern_details`
--

LOCK TABLES `shift_pattern_details` WRITE;
/*!40000 ALTER TABLE `shift_pattern_details` DISABLE KEYS */;
INSERT INTO `shift_pattern_details` VALUES (2,1,1,'Mon','07:00:00','12:00:00','01:00:00','18:00:00','00:20:00',0),(3,1,2,'Tue','07:00:00','12:00:00','01:00:00','18:00:00','00:20:00',0),(4,1,3,'Wed','07:00:00','12:00:00','01:00:00','18:00:00','00:20:00',0),(5,1,4,'Thu','07:00:00','12:00:00','01:00:00','18:00:00','00:20:00',0),(6,1,5,'Fri','07:00:00','12:00:00','01:00:00','18:00:00','00:20:00',1),(7,1,6,'Sat','07:00:00','12:00:00','01:00:00','18:00:00','00:20:00',1),(8,1,7,'Sun','07:00:00','12:00:00','01:00:00','18:00:00','00:20:00',0),(9,2,1,'Mon','06:00:00','12:00:00','01:00:00','18:00:00',NULL,0),(10,2,2,'Tue','06:00:00','12:00:00','01:00:00','18:00:00',NULL,0),(11,2,3,'Wed','06:00:00','12:00:00','01:00:00','18:00:00',NULL,0),(12,2,4,'Thu','06:00:00','12:00:00','01:00:00','18:00:00',NULL,0),(13,2,5,'Fri','06:00:00','12:00:00','01:00:00','18:00:00',NULL,1),(14,2,6,'Sat','06:00:00','12:00:00','01:00:00','18:00:00',NULL,0),(15,2,7,'Sun','06:00:00','12:00:00','01:00:00','18:00:00',NULL,0);
/*!40000 ALTER TABLE `shift_pattern_details` ENABLE KEYS */;
UNLOCK TABLES;

--
-- Table structure for table `shift_patterns`
--

DROP TABLE IF EXISTS `shift_patterns`;
/*!40101 SET @saved_cs_client     = @@character_set_client */;
/*!40101 SET character_set_client = utf8 */;
CREATE TABLE `shift_patterns` (
  `id` int(11) NOT NULL AUTO_INCREMENT,
  `name` text COLLATE utf8mb4_unicode_ci NOT NULL,
  PRIMARY KEY (`id`)
) ENGINE=InnoDB AUTO_INCREMENT=3 DEFAULT CHARSET=utf8mb4 COLLATE=utf8mb4_unicode_ci;
/*!40101 SET character_set_client = @saved_cs_client */;

--
-- Dumping data for table `shift_patterns`
--

LOCK TABLES `shift_patterns` WRITE;
/*!40000 ALTER TABLE `shift_patterns` DISABLE KEYS */;
INSERT INTO `shift_patterns` VALUES (1,'HR Pattern'),(2,'IT Shift Pattern');
/*!40000 ALTER TABLE `shift_patterns` ENABLE KEYS */;
UNLOCK TABLES;

--
-- Table structure for table `status_on_leave`
--

DROP TABLE IF EXISTS `status_on_leave`;
/*!40101 SET @saved_cs_client     = @@character_set_client */;
/*!40101 SET character_set_client = utf8 */;
CREATE TABLE `status_on_leave` (
  `id` int(11) NOT NULL AUTO_INCREMENT,
  `emp_id` int(11) NOT NULL,
  `on_leave` tinyint(1) NOT NULL DEFAULT '0',
  `date` date NOT NULL,
  PRIMARY KEY (`id`),
  KEY `emp_id` (`emp_id`),
  KEY `date` (`date`),
  KEY `emp_date` (`emp_id`,`date`),
  CONSTRAINT `status_on_leave_ibfk_1` FOREIGN KEY (`emp_id`) REFERENCES `employees` (`id`) ON UPDATE CASCADE
) ENGINE=InnoDB AUTO_INCREMENT=3 DEFAULT CHARSET=utf8mb4 COLLATE=utf8mb4_unicode_ci;
/*!40101 SET character_set_client = @saved_cs_client */;

--
-- Dumping data for table `status_on_leave`
--

LOCK TABLES `status_on_leave` WRITE;
/*!40000 ALTER TABLE `status_on_leave` DISABLE KEYS */;
INSERT INTO `status_on_leave` VALUES (1,1001,1,'2017-03-23'),(2,1001,0,'2017-03-29');
/*!40000 ALTER TABLE `status_on_leave` ENABLE KEYS */;
UNLOCK TABLES;
/*!40103 SET TIME_ZONE=@OLD_TIME_ZONE */;

/*!40101 SET SQL_MODE=@OLD_SQL_MODE */;
/*!40014 SET FOREIGN_KEY_CHECKS=@OLD_FOREIGN_KEY_CHECKS */;
/*!40014 SET UNIQUE_CHECKS=@OLD_UNIQUE_CHECKS */;
/*!40101 SET CHARACTER_SET_CLIENT=@OLD_CHARACTER_SET_CLIENT */;
/*!40101 SET CHARACTER_SET_RESULTS=@OLD_CHARACTER_SET_RESULTS */;
/*!40101 SET COLLATION_CONNECTION=@OLD_COLLATION_CONNECTION */;
/*!40111 SET SQL_NOTES=@OLD_SQL_NOTES */;

-- Dump completed on 2017-05-18  7:32:39
